date;heure;ville;temperature;humidite;pluie_1h;pluie_24h
01/01/2026;16:22;Varanges;-2;86;0;0
01/01/2026;16:22;Genlis;-1.7;87;0;0
02/01/2026;02:08;Varanges;-2.8;91;0;0
02/01/2026;03:48;Varanges;-3.2;90;0;0
02/01/2026;04:45;Varanges;-3.1;90;0;0
02/01/2026;04:45;Genlis;-3;91;0;0
02/01/2026;05:30;Varanges;-2.8;91;0;0
02/01/2026;05:56;Varanges;-2.6;91;0;0
02/01/2026;06:46;Varanges;-2.2;91;0;0
02/01/2026;07:28;Varanges;-1.8;91;0;0
02/01/2026;07:46;Varanges;-1.7;91;0;0
02/01/2026;08:35;Varanges;-1.2;91;0;0
02/01/2026;09:00;Varanges;-0.9;90;0;0
02/01/2026;09:00;Genlis;-0.9;91;0;0
02/01/2026;09:39;Varanges;0.2;89;0;0
02/01/2026;09:39;Genlis;-0.3;90;0;0
02/01/2026;09:55;Varanges;0.8;91;0;0
02/01/2026;09:55;Genlis;0;90;0;0
02/01/2026;10:27;Varanges;2.1;88;0;0
02/01/2026;10:27;Genlis;1.2;88;0;0
02/01/2026;10:47;Varanges;2.5;88;0;0
02/01/2026;10:47;Genlis;1.7;87;0;0
02/01/2026;11:22;Varanges;2.5;87;0;0
02/01/2026;11:22;Genlis;2.2;86;0;0
02/01/2026;11:41;Varanges;2.5;87;0;0
02/01/2026;11:41;Genlis;2.2;86;0;0
02/01/2026;11:54;Varanges;2.5;87;0;0
02/01/2026;11:54;Genlis;2;87;0;0
02/01/2026;12:52;Varanges;2.7;88;0;0
02/01/2026;12:52;Genlis;2.7;89;0;0
02/01/2026;13:35;Varanges;3.4;88;0;0
02/01/2026;13:35;Genlis;3;88;0;0
02/01/2026;13:56;Varanges;3;87;0;0
02/01/2026;13:56;Genlis;2.6;89;0;0
02/01/2026;14:29;Varanges;2.9;88;0;0
02/01/2026;14:29;Genlis;2.3;89;0;0
02/01/2026;14:49;Varanges;2.3;88;0;0
02/01/2026;14:49;Genlis;2;90;0;0
02/01/2026;15:27;Varanges;1.8;89;0;0
02/01/2026;15:27;Genlis;1.6;91;0;0
02/01/2026;15:46;Varanges;1.4;89;0;0
02/01/2026;15:46;Genlis;1.5;91;0;0
02/01/2026;16:32;Varanges;-0.1;90;0;0
02/01/2026;16:32;Genlis;0.3;91;0;0
02/01/2026;16:58;Genlis;-0.3;94;0;0
02/01/2026;17:27;Genlis;-0.8;94;0;0
02/01/2026;17:44;Genlis;-0.8;96;0;0
02/01/2026;18:58;Genlis;0.3;96;0;0
02/01/2026;19:21;Genlis;0.4;96;0;0
02/01/2026;20:28;Varanges;0.1;95;0;0
02/01/2026;20:47;Varanges;0.1;95;0;0
02/01/2026;21:23;Varanges;0.1;96;0;0
02/01/2026;21:23;Genlis;0.1;97;0;0
02/01/2026;21:41;Varanges;0;96;0;0
02/01/2026;21:41;Genlis;0;97;0;0
02/01/2026;21:53;Varanges;-0.1;96;0;0
02/01/2026;21:53;Genlis;-0.1;97;0;0
02/01/2026;22:25;Varanges;-0.7;95;0;0
02/01/2026;22:25;Genlis;-0.8;96;0;0
02/01/2026;22:46;Varanges;-0.3;96;0;0
02/01/2026;22:46;Genlis;-0.5;97;0;0
03/01/2026;01:58;Varanges;-4.3;95;0;0
03/01/2026;03:36;Varanges;-5.9;95;0;0
03/01/2026;06:59;Genlis;-8.7;91;0;0
03/01/2026;07:27;Genlis;-8.9;91;0;0
03/01/2026;07:43;Genlis;-8.8;92;0;0
03/01/2026;07:55;Varanges;-8.5;94;0;0
03/01/2026;08:33;Varanges;-7.8;95;0;0
03/01/2026;08:57;Varanges;-6.2;96;0;0
03/01/2026;08:57;Genlis;-6.7;97;0;0
03/01/2026;09:29;Varanges;-4.6;97;0;0
03/01/2026;09:29;Genlis;-3.9;97;0;0
03/01/2026;09:45;Varanges;-3.5;97;0;0
03/01/2026;09:45;Genlis;-2.2;97;0;0
03/01/2026;10:26;Varanges;-1.9;97;0;0
03/01/2026;10:26;Genlis;-0.2;97;0;0
03/01/2026;10:46;Varanges;-0.7;98;0;0
03/01/2026;10:46;Genlis;0.6;96;0;0
03/01/2026;11:20;Varanges;0;97;0;0
03/01/2026;11:20;Genlis;0.6;96;0;0
03/01/2026;11:40;Varanges;0.9;97;0;0
03/01/2026;11:40;Genlis;0.8;96;0;0
03/01/2026;11:53;Varanges;1.2;96;0;0
03/01/2026;11:53;Genlis;1;96;0;0
03/01/2026;12:50;Varanges;1.8;94;0;0
03/01/2026;12:50;Genlis;1.2;96;0;0
03/01/2026;13:32;Varanges;1.8;92;0;0
03/01/2026;13:32;Genlis;1.5;95;0;0
03/01/2026;13:53;Varanges;1.5;92;0;0
03/01/2026;13:53;Genlis;1.4;94;0;0
03/01/2026;14:23;Varanges;1.5;92;0;0
03/01/2026;14:23;Genlis;1.3;93;0;0
03/01/2026;14:43;Varanges;1.2;92;0;0
03/01/2026;14:43;Genlis;1.2;91;0;0
03/01/2026;14:56;Varanges;0.9;92;0;0
03/01/2026;14:56;Genlis;1.1;90;0;0
03/01/2026;15:27;Varanges;0.3;92;0;0
03/01/2026;15:27;Genlis;0.6;91;0;0
03/01/2026;15:43;Varanges;-0.1;93;0;0
03/01/2026;15:43;Genlis;0.5;92;0;0
03/01/2026;15:56;Varanges;-0.2;93;0;0
03/01/2026;15:56;Genlis;0.1;93;0;0
03/01/2026;16:34;Varanges;-0.5;94;0;0
03/01/2026;16:34;Genlis;-0.2;94;0;0
03/01/2026;16:55;Genlis;-0.3;95;0;0
03/01/2026;17:23;Genlis;-0.4;95;0;0
03/01/2026;17:42;Genlis;-0.7;94;0;0
03/01/2026;17:54;Varanges;-0.9;94;0;0
03/01/2026;17:54;Genlis;-0.8;95;0;0
03/01/2026;18:35;Varanges;-0.9;94;0;0
03/01/2026;18:35;Genlis;-0.9;96;0;0
03/01/2026;18:57;Varanges;-1.2;94;0;0
03/01/2026;18:57;Genlis;-1.1;95;0;0
03/01/2026;19:22;Varanges;-1.4;95;0;0
03/01/2026;19:22;Genlis;-1.3;96;0;0
03/01/2026;19:39;Varanges;-1.4;95;0;0
03/01/2026;19:39;Genlis;-1.4;96;0;0
03/01/2026;19:52;Varanges;-1.5;95;0;0
03/01/2026;19:52;Genlis;-1.6;96;0;0
03/01/2026;20:27;Varanges;-2.5;93;0;0
03/01/2026;20:27;Genlis;-3.1;92;0;0
03/01/2026;20:46;Varanges;-3.3;93;0;0
03/01/2026;20:46;Genlis;-3.9;92;0;0
03/01/2026;21:53;Varanges;-4.3;95;0;0
03/01/2026;21:53;Genlis;-4.9;94;0;0
03/01/2026;22:24;Varanges;-4.6;94;0;0
03/01/2026;22:24;Genlis;-4.8;95;0;0
03/01/2026;22:45;Varanges;-5.1;94;0;0
03/01/2026;22:45;Genlis;-5.8;92;0;0
03/01/2026;22:57;Varanges;-5.4;94;0;0
03/01/2026;22:57;Genlis;-6;93;0;0
03/01/2026;23:27;Varanges;-5.8;94;0;0
03/01/2026;23:27;Genlis;-6.5;93;0;0
03/01/2026;23:44;Varanges;-6.3;94;0;0
03/01/2026;23:44;Genlis;-6.6;93;0;0
04/01/2026;02:34;Varanges;-7.8;93;0;0
04/01/2026;02:34;Genlis;-8.4;92;0;0
04/01/2026;04:05;Varanges;-8.3;94;0;0
04/01/2026;04:05;Genlis;-8.9;93;0;0
04/01/2026;04:58;Varanges;-8;94;0;0
04/01/2026;04:58;Genlis;-8.7;94;0;0
04/01/2026;05:35;Varanges;-7.1;95;0;0
04/01/2026;05:35;Genlis;-7.4;97;0;0
04/01/2026;05:56;Varanges;-6.5;95;0;0
04/01/2026;05:56;Genlis;-7;97;0;0
04/01/2026;06:42;Varanges;-5.7;95;0;0
04/01/2026;06:42;Genlis;-5.8;97;0;0
04/01/2026;07:01;Varanges;-5.5;95;0;0
04/01/2026;07:01;Genlis;-5.8;97;0;0
04/01/2026;07:33;Varanges;-5.6;95;0;0
04/01/2026;07:33;Genlis;-6.4;95;0;0
04/01/2026;07:52;Varanges;-5.8;95;0;0
04/01/2026;07:52;Genlis;-6.1;96;0;0
04/01/2026;08:33;Varanges;-5.9;95;0;0
04/01/2026;08:33;Genlis;-6.2;96;0;0
04/01/2026;09:56;Varanges;-2.5;97;0;0
04/01/2026;09:56;Genlis;-1.6;97;0;0
04/01/2026;10:29;Varanges;-1.5;97;0;0
04/01/2026;10:29;Genlis;0;97;0;0
04/01/2026;10:47;Varanges;-1.3;96;0;0
04/01/2026;10:47;Genlis;0.1;96;0;0
04/01/2026;11:20;Varanges;-0.9;96;0;0
04/01/2026;11:40;Varanges;-0.7;95;0;0
04/01/2026;11:53;Varanges;-0.6;95;0;0
04/01/2026;11:53;Genlis;-0.2;96;0;0
04/01/2026;13:27;Varanges;1.5;92;0;0
04/01/2026;13:27;Genlis;-1;95;0;0
04/01/2026;13:33;Varanges;1.5;92;0;0
04/01/2026;13:33;Genlis;-0.9;95;0;0
04/01/2026;13:53;Varanges;1.5;91;0;0
04/01/2026;13:53;Genlis;-0.8;95;0;0
04/01/2026;14:23;Varanges;0.7;89;0;0
04/01/2026;14:23;Genlis;-0.6;95;0;0
04/01/2026;14:43;Varanges;0.4;90;0;0
04/01/2026;14:43;Genlis;-0.5;95;0;0
04/01/2026;14:55;Varanges;0.2;90;0;0
04/01/2026;14:55;Genlis;-0.5;94;0;0
04/01/2026;15:25;Varanges;-0.4;90;0;0
04/01/2026;15:25;Genlis;-1.2;92;0;0
04/01/2026;15:42;Varanges;-0.9;90;0;0
04/01/2026;15:42;Genlis;-1.4;92;0;0
04/01/2026;15:55;Varanges;-1.1;91;0;0
04/01/2026;15:55;Genlis;-1.7;94;0;0
04/01/2026;16:30;Varanges;-1.3;91;0;0
04/01/2026;16:30;Genlis;-1.7;95;0;0
04/01/2026;16:55;Varanges;-1.3;91;0;0
04/01/2026;16:55;Genlis;-1.7;95;0;0
04/01/2026;17:23;Varanges;-1.3;92;0;0
04/01/2026;17:23;Genlis;-1.7;96;0;0
04/01/2026;17:43;Varanges;-1.3;92;0;0
04/01/2026;17:43;Genlis;-1.6;95;0;0
04/01/2026;17:54;Varanges;-1.3;92;0;0
04/01/2026;18:35;Varanges;-2;90;0;0
04/01/2026;18:57;Varanges;-3;90;0;0
04/01/2026;18:57;Genlis;-4.4;88;0;0
04/01/2026;19:23;Varanges;-4.3;91;0;0
04/01/2026;19:23;Genlis;-4.9;92;0;0
04/01/2026;19:40;Varanges;-4.7;92;0;0
04/01/2026;19:40;Genlis;-4.8;94;0;0
04/01/2026;19:52;Varanges;-4.6;93;0;0
04/01/2026;19:52;Genlis;-4.8;95;0;0
04/01/2026;20:28;Varanges;-4.7;93;0;0
04/01/2026;20:28;Genlis;-5.1;94;0;0
04/01/2026;20:47;Varanges;-5;93;0;0
04/01/2026;20:47;Genlis;-5.5;93;0;0
04/01/2026;21:23;Varanges;-5.4;94;0;0
04/01/2026;21:23;Genlis;-5.7;94;0;0
04/01/2026;21:41;Varanges;-5.4;94;0;0
04/01/2026;21:41;Genlis;-5.8;94;0;0
04/01/2026;21:54;Varanges;-5.6;93;0;0
04/01/2026;21:54;Genlis;-6.2;94;0;0
04/01/2026;22:25;Varanges;-5.8;93;0;0
04/01/2026;22:25;Genlis;-6.6;95;0;0
04/01/2026;22:45;Varanges;-5.5;94;0;0
04/01/2026;22:45;Genlis;-6;97;0;0
04/01/2026;23:24;Varanges;-5.1;94;0;0
04/01/2026;23:42;Varanges;-5.3;94;0;0
04/01/2026;23:55;Varanges;-5.5;93;0;0
04/01/2026;23:55;Genlis;-5.6;95;0;0
05/01/2026;04:07;Varanges;-8.7;93;0;0
05/01/2026;04:07;Genlis;-9.3;93;0;0
05/01/2026;05:07;Varanges;-8.9;93;0;0
05/01/2026;05:07;Genlis;-9.6;93;0;0
05/01/2026;05:51;Varanges;-9.7;92;0;0
05/01/2026;05:51;Genlis;-10;92;0;0
05/01/2026;06:47;Varanges;-9;94;0;0
05/01/2026;06:47;Genlis;-8.6;97;0;0
05/01/2026;07:32;Varanges;-6.6;95;0;0
05/01/2026;07:32;Genlis;-6.4;97;0;0
05/01/2026;07:57;Varanges;-6.1;95;0;0
05/01/2026;07:57;Genlis;-6.1;97;0;0
05/01/2026;08:46;Varanges;-5.7;95;0;0
05/01/2026;08:46;Genlis;-5.7;97;0;0
05/01/2026;09:38;Varanges;-5.1;95;0;0
05/01/2026;09:38;Genlis;-5;97;0;0
05/01/2026;09:59;Varanges;-5;95;0;0
05/01/2026;09:59;Genlis;-4.9;97;0;0
05/01/2026;10:37;Varanges;-4.8;95;0;0
05/01/2026;10:37;Genlis;-4.2;97;0;0
05/01/2026;10:58;Varanges;-4.7;95;0;0
05/01/2026;10:58;Genlis;-4.1;97;0;0
05/01/2026;11:28;Varanges;-4.3;96;0;0
05/01/2026;11:28;Genlis;-3.8;97;0;0
05/01/2026;11:45;Varanges;-4;96;0;0
05/01/2026;11:45;Genlis;-3.6;97;0;0
05/01/2026;12:57;Varanges;-3.8;95;0;0
05/01/2026;12:57;Genlis;-3.2;97;0;0
05/01/2026;13:47;Varanges;-3.8;95;0;0
05/01/2026;13:47;Genlis;-3;97;0;0
05/01/2026;14:29;Varanges;-3.9;95;0;0
05/01/2026;14:29;Genlis;-3;97;0;0
05/01/2026;14:54;Varanges;-3.8;96;0;0
05/01/2026;14:54;Genlis;-3.3;97;0;0
05/01/2026;15:29;Varanges;-3.9;95;0;0
05/01/2026;15:29;Genlis;-3.6;97;0;0
05/01/2026;15:50;Varanges;-4.1;95;0;0
05/01/2026;15:50;Genlis;-3.9;97;0;0
05/01/2026;16:33;Varanges;-4.5;95;0;0
05/01/2026;16:33;Genlis;-4.4;97;0;0
05/01/2026;17:01;Varanges;-4.7;95;0;0
05/01/2026;17:01;Genlis;-4.6;97;0;0
05/01/2026;17:40;Varanges;-5;95;0;0
05/01/2026;17:40;Genlis;-4.9;97;0;0
05/01/2026;17:55;Varanges;-5.1;95;0;0
05/01/2026;17:55;Genlis;-5;97;0;0
05/01/2026;18:41;Varanges;-5.3;95;0;0
05/01/2026;18:41;Genlis;-5.1;97;0;0
05/01/2026;19:01;Varanges;-5.5;95;0;0
05/01/2026;19:01;Genlis;-5.2;97;0;0
05/01/2026;19:32;Varanges;-5.5;95;0;0
05/01/2026;19:32;Genlis;-5.2;97;0;0
05/01/2026;19:52;Varanges;-5.6;95;0;0
05/01/2026;19:52;Genlis;-5.2;97;0;0
05/01/2026;20:31;Varanges;-5.5;96;0;0
05/01/2026;20:56;Varanges;-5.5;96;0;0
05/01/2026;21:29;Varanges;-5.7;95;0;0
05/01/2026;21:29;Genlis;-5.6;97;0;0
05/01/2026;21:47;Varanges;-5.8;95;0;0
05/01/2026;21:47;Genlis;-5.6;97;0;0
05/01/2026;22:26;Varanges;-5.9;95;0;0
05/01/2026;22:26;Genlis;-5.7;97;0;0
05/01/2026;22:48;Varanges;-5.9;95;0;0
05/01/2026;22:48;Genlis;-5.7;97;0;0
05/01/2026;23:25;Varanges;-5.9;96;0;0
05/01/2026;23:25;Genlis;-5.7;97;0;0
05/01/2026;23:43;Varanges;-5.9;95;0;0
05/01/2026;23:43;Genlis;-5.8;97;0;0
05/01/2026;23:56;Varanges;-5.9;95;0;0
05/01/2026;23:56;Genlis;-5.8;97;0;0
06/01/2026;02:19;Varanges;-5.7;96;0;0
06/01/2026;02:19;Genlis;-5.7;97;0;0
06/01/2026;03:50;Varanges;-5.5;96;0;0
06/01/2026;03:50;Genlis;-5.3;97;0;0
06/01/2026;04:43;Varanges;-5.6;96;0;0
06/01/2026;04:43;Genlis;-5.3;97;0;0
06/01/2026;05:13;Varanges;-5.4;96;0;0
06/01/2026;05:13;Genlis;-5.2;97;0;0
06/01/2026;05:43;Varanges;-5.4;96;0;0
06/01/2026;05:43;Genlis;-5.3;97;0;0
06/01/2026;05:57;Varanges;-5.3;96;0;0
06/01/2026;05:57;Genlis;-5.3;97;0;0
06/01/2026;06:48;Varanges;-5;96;0;0
06/01/2026;06:48;Genlis;-5.1;97;0;0
06/01/2026;07:30;Varanges;-4.8;96;0;0
06/01/2026;07:30;Genlis;-4.9;97;0;0
06/01/2026;07:55;Varanges;-4.7;96;0;0
06/01/2026;07:55;Genlis;-4.7;98;0;0
06/01/2026;08:37;Varanges;-4.3;97;0;0
06/01/2026;09:01;Varanges;-4;97;0;0
06/01/2026;09:01;Genlis;-3.9;98;0;0
06/01/2026;09:42;Varanges;-3.5;97;0;0
06/01/2026;09:42;Genlis;-3.3;98;0;0
06/01/2026;09:57;Varanges;-3.2;97;0;0
06/01/2026;09:57;Genlis;-3;97;0;0
06/01/2026;10:34;Varanges;-2.9;97;0;0
06/01/2026;10:34;Genlis;-2.5;97;0;0
06/01/2026;10:57;Varanges;-2.5;97;0;0
06/01/2026;10:57;Genlis;-2.3;97;0;0
06/01/2026;11:27;Varanges;-2.3;97;0;0
06/01/2026;11:27;Genlis;-2.1;97;0;0
06/01/2026;11:44;Varanges;-2.2;97;0;0
06/01/2026;11:44;Genlis;-2.1;97;0;0
06/01/2026;11:57;Varanges;-2.3;97;0;0
06/01/2026;11:57;Genlis;-2.1;97;0;0
06/01/2026;13:02;Varanges;-2.3;97;0;0
06/01/2026;13:02;Genlis;-2.1;97;0;0
06/01/2026;13:50;Varanges;-2.1;97;0;0
06/01/2026;13:50;Genlis;-1.9;97;0;0
06/01/2026;14:28;Varanges;-1.8;97;0;0
06/01/2026;14:52;Varanges;-1.6;96;0;0
06/01/2026;14:52;Genlis;-1.5;97;0;0
06/01/2026;15:28;Varanges;-1.6;96;0;0
06/01/2026;15:28;Genlis;-1.7;97;0;0
06/01/2026;15:49;Varanges;-1.7;96;0;0
06/01/2026;15:49;Genlis;-2.2;95;0;0
06/01/2026;16:35;Varanges;-1.9;95;0;0
06/01/2026;16:35;Genlis;-2.2;97;0;0
06/01/2026;17:02;Varanges;-2.5;94;0;0
06/01/2026;17:40;Varanges;-2.3;95;0;0
06/01/2026;17:56;Varanges;-2.2;95;0;0
06/01/2026;17:56;Genlis;-2.2;97;0;0
06/01/2026;18:43;Varanges;-1.7;95;0;0
06/01/2026;18:43;Genlis;-2;97;0;0
06/01/2026;18:59;Varanges;-1.6;95;0;0
06/01/2026;19:26;Varanges;-1.6;94;0;0
06/01/2026;19:43;Varanges;-1.7;94;0;0
06/01/2026;19:55;Varanges;-1.8;94;0;0
06/01/2026;20:31;Varanges;-1.9;95;0;0
06/01/2026;20:53;Varanges;-1.9;95;0;0
06/01/2026;20:53;Genlis;-1.9;96;0;0
06/01/2026;21:26;Varanges;-2.2;94;0;0
06/01/2026;21:26;Genlis;-2;96;0;0
06/01/2026;21:45;Varanges;-2.3;95;0;0
06/01/2026;21:45;Genlis;-2.1;96;0;0
06/01/2026;22:26;Varanges;-2.8;95;0;0
06/01/2026;22:26;Genlis;-2.5;96;0;0
06/01/2026;22:48;Varanges;-3;95;0;0
06/01/2026;22:48;Genlis;-3;95;0;0
06/01/2026;23:26;Varanges;-3.7;95;0;0
06/01/2026;23:26;Genlis;-4.5;94;0;0
06/01/2026;23:42;Varanges;-4.3;94;0;0
06/01/2026;23:42;Genlis;-4.9;93;0;0
07/01/2026;03:47;Varanges;-4.6;96;0;0
07/01/2026;03:47;Genlis;-4.8;97;0;0
07/01/2026;04:44;Varanges;-4.8;96;0;0
07/01/2026;04:44;Genlis;-5;97;0;0
07/01/2026;05:14;Varanges;-5.1;96;0;0
07/01/2026;05:14;Genlis;-5.3;96;0;0
07/01/2026;05:44;Varanges;-5.3;96;0;0
07/01/2026;05:44;Genlis;-5.4;96;0;0
07/01/2026;07:30;Varanges;-5.8;96;0;0
07/01/2026;07:30;Genlis;-6.1;97;0;0
07/01/2026;07:48;Varanges;-5.7;96;0;0
07/01/2026;07:48;Genlis;-6.3;96;0;0
07/01/2026;08:37;Varanges;-5.5;96;0;0
07/01/2026;08:37;Genlis;-6.8;96;0;0
07/01/2026;09:03;Varanges;-4.4;97;0;0
07/01/2026;09:43;Varanges;-3.6;97;0;0
07/01/2026;09:58;Varanges;-2.5;98;0;0
07/01/2026;09:58;Genlis;-1.6;97;0;0
07/01/2026;10:35;Varanges;-2.2;97;0;0
07/01/2026;10:35;Genlis;-1.5;96;0;0
07/01/2026;10:57;Varanges;-2.1;96;0;0
07/01/2026;10:57;Genlis;-1.7;96;0;0
07/01/2026;11:28;Varanges;-1.7;96;0;0
07/01/2026;11:28;Genlis;-1.6;96;0;0
07/01/2026;11:46;Varanges;-1.6;96;0;0
07/01/2026;11:46;Genlis;-1.5;96;0;0
07/01/2026;12:56;Varanges;-1.4;95;0;0
07/01/2026;12:56;Genlis;-1.3;95;0;0
07/01/2026;13:44;Varanges;-0.9;93;0;0
07/01/2026;13:44;Genlis;-0.8;88;0;0
07/01/2026;14:01;Varanges;-1.1;92;0;0
07/01/2026;14:01;Genlis;-0.9;87;0;0
07/01/2026;14:44;Varanges;-1.3;91;0;0
07/01/2026;14:44;Genlis;-1.3;89;0;0
07/01/2026;15:01;Varanges;-1.6;92;0;0
07/01/2026;15:01;Genlis;-1.5;91;0;0
07/01/2026;15:42;Varanges;-2;92;0;0
07/01/2026;15:42;Genlis;-1.8;93;0;0
07/01/2026;15:59;Varanges;-2;93;0;0
07/01/2026;15:59;Genlis;-2.1;94;0;0
07/01/2026;16:45;Varanges;-2.1;93;0;0
07/01/2026;16:45;Genlis;-2.1;95;0;0
07/01/2026;17:13;Varanges;-2.1;94;0;0
07/01/2026;17:13;Genlis;-2.1;96;0;0
07/01/2026;17:45;Varanges;-2;94;0;0
07/01/2026;17:45;Genlis;-2;96;0;0
07/01/2026;18:40;Varanges;-1.8;95;0;0
07/01/2026;18:40;Genlis;-1.8;97;0;0
07/01/2026;19:02;Varanges;-1.7;95;0;0
07/01/2026;19:02;Genlis;-1.7;97;0;0
07/01/2026;19:32;Varanges;-1.6;95;0;0
07/01/2026;19:32;Genlis;-1.6;97;0;0
07/01/2026;19:52;Varanges;-1.5;95;0;0
07/01/2026;19:52;Genlis;-1.6;97;0;0
07/01/2026;20:31;Varanges;-1.5;95;0;0
07/01/2026;20:31;Genlis;-1.5;97;0;0
07/01/2026;20:57;Varanges;-1.5;95;0;0
07/01/2026;20:57;Genlis;-1.5;97;0;0
07/01/2026;21:29;Varanges;-1.4;95;0;0
07/01/2026;21:29;Genlis;-1.3;97;0;0
07/01/2026;21:46;Varanges;-1.3;95;0;0
07/01/2026;21:46;Genlis;-1.3;97;0;0
07/01/2026;22:26;Varanges;-1.1;96;0;0
07/01/2026;22:26;Genlis;-1;97;0;0
07/01/2026;22:47;Varanges;-1;96;0;0
07/01/2026;22:47;Genlis;-0.9;97;0;0
07/01/2026;23:25;Varanges;-0.8;96;0;0
07/01/2026;23:25;Genlis;-0.7;97;0;0
07/01/2026;23:43;Varanges;-0.8;96;0;0
07/01/2026;23:43;Genlis;-0.7;97;0;0
07/01/2026;23:56;Varanges;-0.8;96;0;0
07/01/2026;23:56;Genlis;-0.7;97;0;0
08/01/2026;02:21;Varanges;-0.4;96;0;0
08/01/2026;02:21;Genlis;-0.4;97;0;0
08/01/2026;03:50;Varanges;-0.5;97;0;0
08/01/2026;03:50;Genlis;-0.3;97;0;0
08/01/2026;04:43;Varanges;-0.2;97;0;0
08/01/2026;04:43;Genlis;-0.1;97;0;0
08/01/2026;05:12;Varanges;-0.1;97;0;0
08/01/2026;05:12;Genlis;0;97;0;0
08/01/2026;05:43;Varanges;0.2;97;0;0
08/01/2026;05:43;Genlis;0.2;97;0;0
08/01/2026;05:57;Varanges;0.2;98;0;0
08/01/2026;05:57;Genlis;0.2;97;0;0
08/01/2026;06:48;Varanges;0.4;98;0;0
08/01/2026;06:48;Genlis;0.3;97;0;0
08/01/2026;07:29;Varanges;0.5;98;0;0
08/01/2026;07:29;Genlis;0.4;97;0;0
08/01/2026;07:47;Varanges;0.5;98;0;0
08/01/2026;07:47;Genlis;0.5;97;0;0
08/01/2026;08:37;Varanges;0.7;98;0;0
08/01/2026;08:37;Genlis;0.6;97;0;0
08/01/2026;09:02;Varanges;0.8;98;0;0
08/01/2026;09:02;Genlis;0.7;97;0;0
08/01/2026;09:43;Varanges;0.9;98;0;0
08/01/2026;09:43;Genlis;0.8;97;0;0
08/01/2026;09:59;Genlis;0.9;97;0;0
08/01/2026;10:36;Genlis;1;97;0;0
08/01/2026;10:58;Varanges;1.1;98;0;0
08/01/2026;11:29;Varanges;1.2;98;0;0
08/01/2026;11:47;Varanges;1.2;98;0;0
08/01/2026;12:56;Varanges;1.5;98;0;0
08/01/2026;12:56;Genlis;1.6;97;0;0
08/01/2026;13:46;Varanges;1.7;98;0;0
08/01/2026;13:46;Genlis;1.9;97;0;0
08/01/2026;14:30;Varanges;1.8;98;0;0
08/01/2026;14:30;Genlis;1.9;97;0;0
08/01/2026;14:59;Varanges;1.8;98;0;0
08/01/2026;14:59;Genlis;1.8;97;0;0
08/01/2026;15:36;Varanges;1.8;98;0;0
08/01/2026;15:36;Genlis;1.8;97;0;0
08/01/2026;15:59;Varanges;1.8;98;0;0
08/01/2026;15:59;Genlis;1.8;97;0;0
08/01/2026;16:43;Varanges;1.9;98;0;0
08/01/2026;16:43;Genlis;1.8;97;0;0
08/01/2026;17:14;Varanges;2.1;99;0;0
08/01/2026;17:14;Genlis;2.1;97;0;0
08/01/2026;17:46;Varanges;2.8;99;0;0
08/01/2026;17:46;Genlis;2.7;97;0;0
08/01/2026;18:36;Varanges;3.7;99;0;0
08/01/2026;18:36;Genlis;3.6;97;0;0
08/01/2026;18:59;Varanges;4;99;0;0
08/01/2026;18:59;Genlis;3.8;97;0;0
08/01/2026;19:28;Varanges;4.2;99;0;0
08/01/2026;19:28;Genlis;4.1;97;0;0
08/01/2026;19:44;Varanges;4.3;99;0;0
08/01/2026;19:44;Genlis;4.3;97;0;0
08/01/2026;19:56;Varanges;4.3;99;0;0
08/01/2026;19:56;Genlis;4.3;97;0;0
08/01/2026;20:34;Varanges;4.2;98;0;0
08/01/2026;20:34;Genlis;4.5;97;0;0
08/01/2026;20:56;Varanges;4.1;98;0;0
08/01/2026;20:56;Genlis;4.4;97;0;0
08/01/2026;21:30;Varanges;4.1;98;0;0
08/01/2026;21:30;Genlis;4.3;97;0;0
08/01/2026;21:53;Varanges;4.2;99;0;0
08/01/2026;21:53;Genlis;4.4;97;0;0
08/01/2026;22:03;Varanges;4.2;99;0.3;3.13
08/01/2026;22:03;Genlis;4.4;97;0.2;3.64
08/01/2026;22:26;Varanges;4.6;99;1.01;3.84
08/01/2026;22:26;Genlis;4.5;97;1.11;4.55
08/01/2026;22:48;Varanges;4.7;99;1.82;4.75
08/01/2026;22:48;Genlis;4.6;97;1.52;4.95
08/01/2026;23:22;Varanges;5;99;1.01;0.2
08/01/2026;23:22;Genlis;5;97;0.81;0.2
08/01/2026;23:42;Varanges;5.2;99;0.51;0.3
08/01/2026;23:42;Genlis;5.1;97;0.2;0.2
08/01/2026;23:54;Varanges;5.3;99;0.4;0.3
08/01/2026;23:54;Genlis;5.2;97;0.2;0.2
09/01/2026;02:06;Varanges;6.2;99;0;0.71
09/01/2026;02:06;Genlis;6.3;96;0;0.81
09/01/2026;03:47;Varanges;6.2;98;0;0.71
09/01/2026;03:47;Genlis;6.8;93;0;0.81
09/01/2026;04:44;Varanges;5.7;97;0;0.71
09/01/2026;04:44;Genlis;6.5;92;0;0.81
09/01/2026;05:13;Genlis;6.3;92;0;0.81
09/01/2026;05:44;Genlis;6.2;92;0;0.81
09/01/2026;05:58;Varanges;5.5;97;0;0.71
09/01/2026;05:58;Genlis;6.2;91;0;0.81
09/01/2026;06:48;Genlis;5.5;92;0;0.81
09/01/2026;07:29;Genlis;5.3;92;0;0.81
09/01/2026;07:48;Genlis;5.1;93;0;0.81
09/01/2026;08:37;Varanges;5.5;97;0;0.71
09/01/2026;08:37;Genlis;5.6;92;0;0.81
09/01/2026;09:02;Varanges;6;96;0;0.71
09/01/2026;09:02;Genlis;6.4;89;0;0.81
09/01/2026;09:43;Varanges;6.6;95;0;0.71
09/01/2026;09:43;Genlis;7;90;0;0.81
09/01/2026;09:58;Varanges;7.3;96;0;0.71
09/01/2026;09:58;Genlis;7.7;88;0;0.81
09/01/2026;10:35;Varanges;7.3;95;0.1;0.81
09/01/2026;10:35;Genlis;7.8;89;0.1;0.91
09/01/2026;10:57;Varanges;7.5;91;0.1;0.81
09/01/2026;10:57;Genlis;7.9;84;0.1;0.91
09/01/2026;11:28;Varanges;7.9;90;0;0.81
09/01/2026;11:28;Genlis;7.9;83;0;0.91
09/01/2026;11:45;Varanges;8.5;88;0;0.81
09/01/2026;11:45;Genlis;8.1;82;0;0.91
09/01/2026;12:55;Varanges;9;85;0;0.81
09/01/2026;12:55;Genlis;8.3;81;0;0.91
09/01/2026;13:41;Varanges;8;82;0;0.81
09/01/2026;13:41;Genlis;8.2;77;0;0.91
09/01/2026;13:59;Varanges;7.7;82;0;0.81
09/01/2026;13:59;Genlis;7.9;77;0;0.91
09/01/2026;14:36;Varanges;6.4;86;0;0.81
09/01/2026;14:36;Genlis;6.3;84;0.2;1.11
09/01/2026;14:57;Varanges;6;87;0;0.81
09/01/2026;14:57;Genlis;6;84;0.2;1.11
09/01/2026;15:34;Varanges;5;88;0;0.81
09/01/2026;15:34;Genlis;5.2;86;0;1.11
09/01/2026;15:57;Varanges;4.4;88;0;0.81
09/01/2026;15:57;Genlis;4.9;87;0;1.11
09/01/2026;16:39;Varanges;4;89;0;0.81
09/01/2026;16:39;Genlis;4.2;88;0;1.11
09/01/2026;17:02;Varanges;3.9;91;0;0.81
09/01/2026;17:02;Genlis;4;91;0;1.11
09/01/2026;17:40;Varanges;3.7;91;0;0.81
09/01/2026;17:40;Genlis;3.8;92;0;1.11
09/01/2026;17:55;Varanges;3.5;91;0;0.81
09/01/2026;17:55;Genlis;3.7;92;0;1.11
09/01/2026;18:40;Varanges;3;92;0;0.81
09/01/2026;18:40;Genlis;3.3;94;0;1.11
09/01/2026;20:30;Varanges;3.4;93;0;0.81
09/01/2026;20:30;Genlis;3.2;95;0;1.11
09/01/2026;20:55;Varanges;2.9;92;0;0.81
09/01/2026;20:55;Genlis;3.1;93;0;1.11
09/01/2026;21:27;Varanges;3.3;94;0;0.81
09/01/2026;21:27;Genlis;3.3;95;0;1.11
09/01/2026;21:45;Varanges;3.5;93;0;0.81
09/01/2026;21:45;Genlis;2.9;93;0.3;1.41
09/01/2026;22:26;Varanges;2.7;93;0;0.81
09/01/2026;22:26;Genlis;2.3;95;0.4;1.52
09/01/2026;22:47;Varanges;2.6;93;0;0.81
09/01/2026;22:47;Genlis;2.3;96;0;1.52
09/01/2026;23:25;Varanges;2.8;94;0;0
09/01/2026;23:25;Genlis;2.7;96;0;0
09/01/2026;23:43;Varanges;2.8;94;0;0
09/01/2026;23:43;Genlis;2.6;95;0;0
09/01/2026;23:55;Varanges;2.9;94;0;0
09/01/2026;23:55;Genlis;2.6;95;0;0
10/01/2026;02:03;Varanges;2.4;94;0;0
10/01/2026;02:03;Genlis;2.3;96;0;0
10/01/2026;03:41;Varanges;2.6;94;0.1;0.1
10/01/2026;03:41;Genlis;2.7;95;0.2;0.2
10/01/2026;04:21;Varanges;2;94;0;0.1
10/01/2026;04:21;Genlis;2.1;95;0.1;0.2
10/01/2026;04:55;Varanges;2;95;0;0.1
10/01/2026;04:55;Genlis;2.1;96;0;0.2
10/01/2026;05:27;Varanges;2.1;95;0.1;0.2
10/01/2026;05:27;Genlis;2.2;96;0;0.2
10/01/2026;05:46;Varanges;2.2;95;0.1;0.2
10/01/2026;05:46;Genlis;2.2;96;0.2;0.4
10/01/2026;06:37;Varanges;2.2;95;0.2;0.4
10/01/2026;06:37;Genlis;2;96;0.3;0.51
10/01/2026;06:58;Varanges;2.5;95;0.1;0.4
10/01/2026;06:58;Genlis;2.3;95;0;0.51
10/01/2026;07:27;Varanges;2.2;94;0.1;0.51
10/01/2026;07:27;Genlis;2.1;95;0.1;0.61
10/01/2026;07:42;Varanges;2.1;94;0.1;0.51
10/01/2026;07:42;Genlis;1.9;94;0.1;0.61
10/01/2026;07:54;Varanges;2.5;95;0.1;0.51
10/01/2026;07:54;Genlis;2.2;95;0.1;0.61
10/01/2026;08:32;Varanges;2.8;93;0;0.51
10/01/2026;08:32;Genlis;2.7;93;0;0.61
10/01/2026;08:57;Varanges;3.1;93;0;0.51
10/01/2026;08:57;Genlis;3;91;0;0.61
10/01/2026;09:29;Varanges;3.3;92;0;0.51
10/01/2026;09:29;Genlis;3;91;0;0.61
10/01/2026;09:45;Varanges;3.4;91;0;0.51
10/01/2026;09:45;Genlis;3.2;88;0;0.61
10/01/2026;10:25;Varanges;3.2;90;0;0.51
10/01/2026;10:25;Genlis;3.1;88;0;0.61
10/01/2026;10:45;Varanges;3.6;92;0;0.51
10/01/2026;10:45;Genlis;3.7;91;0;0.61
10/01/2026;11:20;Varanges;3.3;90;0;0.51
10/01/2026;11:20;Genlis;3.6;88;0;0.61
10/01/2026;11:40;Varanges;3.5;91;0;0.51
10/01/2026;11:40;Genlis;3.7;90;0;0.61
10/01/2026;11:53;Varanges;4;93;0;0.51
10/01/2026;11:53;Genlis;4;89;0;0.61
10/01/2026;12:50;Varanges;4.1;88;0;0.51
10/01/2026;12:50;Genlis;4.2;81;0;0.61
10/01/2026;13:32;Varanges;3.7;87;0;0.51
10/01/2026;13:32;Genlis;4.1;84;0;0.61
10/01/2026;13:53;Varanges;3.2;89;0;0.51
10/01/2026;13:53;Genlis;3.5;87;0;0.61
10/01/2026;14:23;Varanges;2.7;90;0;0.51
10/01/2026;14:23;Genlis;2.8;90;0;0.61
10/01/2026;14:44;Varanges;2.5;90;0;0.51
10/01/2026;14:44;Genlis;2.5;91;0;0.61
10/01/2026;14:56;Varanges;2.5;90;0;0.51
10/01/2026;14:56;Genlis;2.5;91;0;0.61
10/01/2026;15:27;Varanges;2.3;90;0;0.51
10/01/2026;15:27;Genlis;2.3;91;0;0.61
10/01/2026;15:43;Varanges;2.3;91;0;0.51
10/01/2026;15:43;Genlis;2.2;91;0;0.61
10/01/2026;15:55;Varanges;2.2;91;0;0.51
10/01/2026;15:55;Genlis;2.2;91;0;0.61
10/01/2026;16:32;Varanges;2.2;91;0;0.51
10/01/2026;16:32;Genlis;2;92;0;0.61
10/01/2026;16:56;Varanges;2.1;91;0;0.51
10/01/2026;16:56;Genlis;1.9;92;0;0.61
10/01/2026;17:24;Varanges;2.1;91;0;0.51
10/01/2026;17:24;Genlis;2;92;0;0.61
10/01/2026;17:42;Varanges;2.2;91;0;0.51
10/01/2026;17:42;Genlis;2;92;0;0.61
10/01/2026;17:54;Varanges;2.1;91;0;0.51
10/01/2026;17:54;Genlis;2.1;92;0;0.61
10/01/2026;18:35;Varanges;2.1;91;0;0.51
10/01/2026;18:35;Genlis;2.2;91;0;0.61
10/01/2026;18:57;Varanges;2.1;91;0;0.51
10/01/2026;18:57;Genlis;2.2;91;0;0.61
10/01/2026;19:22;Varanges;2.2;91;0;0.51
10/01/2026;19:22;Genlis;2.3;90;0;0.61
10/01/2026;19:39;Varanges;2.1;91;0;0.51
10/01/2026;19:39;Genlis;2.3;90;0;0.61
10/01/2026;19:52;Varanges;2.1;91;0;0.51
10/01/2026;19:52;Genlis;2.3;91;0;0.61
10/01/2026;20:27;Varanges;2;91;0;0.51
10/01/2026;20:27;Genlis;2.1;91;0;0.61
10/01/2026;20:45;Varanges;2;92;0;0.51
10/01/2026;20:45;Genlis;1.9;92;0;0.61
10/01/2026;21:22;Varanges;1.8;92;0;0.51
10/01/2026;21:22;Genlis;1.6;94;0;0.61
10/01/2026;21:41;Varanges;1.7;92;0;0.51
10/01/2026;21:41;Genlis;1.4;95;0;0.61
10/01/2026;21:54;Varanges;1.6;93;0;0.51
10/01/2026;21:54;Genlis;1.4;95;0;0.61
10/01/2026;22:24;Varanges;1.5;93;0;0.51
10/01/2026;22:24;Genlis;1.4;95;0;0.61
10/01/2026;22:44;Varanges;1.6;93;0;0.51
10/01/2026;22:44;Genlis;1.4;95;0;0.61
10/01/2026;22:56;Varanges;1.7;92;0;0.51
10/01/2026;22:56;Genlis;1.4;95;0;0.61
10/01/2026;23:26;Varanges;1.6;92;0;0
10/01/2026;23:26;Genlis;1.3;95;0;0
10/01/2026;23:43;Varanges;1.5;92;0;0
10/01/2026;23:43;Genlis;1.2;95;0;0
10/01/2026;23:55;Varanges;1.4;92;0;0
10/01/2026;23:55;Genlis;1.1;95;0;0
11/01/2026;02:26;Varanges;1.3;93;0;0
11/01/2026;02:26;Genlis;1;96;0;0
11/01/2026;04:02;Varanges;0.7;95;0;0
11/01/2026;04:02;Genlis;0.4;96;0;0
11/01/2026;04:57;Varanges;0.8;95;0;0
11/01/2026;05:34;Varanges;0.5;95;0;0
11/01/2026;05:56;Varanges;0.5;95;0;0
11/01/2026;05:56;Genlis;0.3;96;0;0
11/01/2026;06:41;Varanges;0.4;96;0;0
11/01/2026;06:41;Genlis;0.3;97;0;0
11/01/2026;07:01;Varanges;0.5;96;0;0
11/01/2026;07:01;Genlis;0.4;97;0;0
11/01/2026;07:33;Varanges;0.3;96;0;0
11/01/2026;07:33;Genlis;0.4;97;0;0
11/01/2026;07:52;Varanges;0.3;96;0;0
11/01/2026;07:52;Genlis;0.3;97;0;0
11/01/2026;08:33;Varanges;0.5;96;0;0
11/01/2026;08:33;Genlis;0.5;97;0;0
11/01/2026;08:57;Varanges;0.8;97;0;0
11/01/2026;08:57;Genlis;0.7;97;0;0
11/01/2026;09:29;Varanges;1.3;97;0;0
11/01/2026;09:29;Genlis;1.4;97;0;0
11/01/2026;09:46;Varanges;1.7;97;0;0
11/01/2026;09:46;Genlis;1.6;97;0;0
11/01/2026;10:26;Varanges;2.4;96;0;0
11/01/2026;10:26;Genlis;2.2;97;0;0
11/01/2026;10:47;Varanges;2.7;96;0;0
11/01/2026;10:47;Genlis;2.5;96;0;0
11/01/2026;11:21;Varanges;3.2;95;0;0
11/01/2026;11:21;Genlis;3.2;96;0;0
11/01/2026;11:40;Varanges;3.3;94;0;0
11/01/2026;11:40;Genlis;3.6;95;0;0
11/01/2026;11:53;Varanges;3.5;94;0;0
11/01/2026;11:53;Genlis;3.6;94;0;0
11/01/2026;12:51;Varanges;4;91;0;0
11/01/2026;12:51;Genlis;4.3;90;0;0
11/01/2026;13:33;Varanges;4.9;89;0;0
11/01/2026;13:33;Genlis;3.5;84;0;0
11/01/2026;13:54;Varanges;5;88;0;0
11/01/2026;13:54;Genlis;3.1;86;0;0
11/01/2026;14:24;Varanges;4.9;86;0;0
11/01/2026;14:24;Genlis;2.8;86;0;0
11/01/2026;14:44;Varanges;4.2;85;0;0
11/01/2026;14:44;Genlis;2.7;87;0;0
11/01/2026;14:56;Varanges;3.8;85;0;0
11/01/2026;15:27;Varanges;3.2;86;0;0
11/01/2026;15:44;Varanges;2.6;86;0;0
11/01/2026;15:56;Varanges;2.2;86;0;0
11/01/2026;15:56;Genlis;1.6;89;0.1;0.1
11/01/2026;16:33;Varanges;0.7;88;0;0
11/01/2026;16:33;Genlis;0.1;90;0.1;0.1
11/01/2026;17:54;Varanges;-1.1;92;0;0
11/01/2026;17:54;Genlis;-1.7;93;0;0.1
11/01/2026;18:35;Varanges;-1.6;93;0;0
11/01/2026;18:35;Genlis;-2.6;93;0;0.1
11/01/2026;21:22;Varanges;-2;96;0;0
11/01/2026;21:22;Genlis;-1.6;97;0;0.1
11/01/2026;21:41;Varanges;-1.8;96;0;0
11/01/2026;21:41;Genlis;-1.2;97;0;0.1
11/01/2026;21:53;Varanges;-1.6;96;0;0
11/01/2026;21:53;Genlis;-1.1;97;0;0.1
11/01/2026;22:24;Varanges;-1.1;97;0;0
11/01/2026;22:24;Genlis;-0.8;97;0;0.1
11/01/2026;22:45;Varanges;-0.7;97;0;0
11/01/2026;22:45;Genlis;-0.6;97;0;0.1
11/01/2026;23:24;Varanges;-0.6;96;0;0
11/01/2026;23:24;Genlis;-0.4;97;0;0
11/01/2026;23:42;Varanges;-0.5;96;0;0
11/01/2026;23:42;Genlis;-0.4;97;0;0
11/01/2026;23:54;Varanges;-0.5;96;0;0
11/01/2026;23:54;Genlis;-0.3;97;0;0
12/01/2026;02:10;Varanges;0.4;96;0;0
12/01/2026;03:57;Varanges;1.3;95;0.1;0.1
12/01/2026;03:57;Genlis;1.1;96;0;0
12/01/2026;04:56;Varanges;1.9;94;0;0.1
12/01/2026;04:56;Genlis;1.8;95;0;0
12/01/2026;05:36;Varanges;2;94;0;0.1
12/01/2026;05:36;Genlis;1.9;94;0;0
12/01/2026;05:59;Varanges;2.1;94;0;0.1
12/01/2026;05:59;Genlis;1.9;94;0;0
12/01/2026;06:52;Varanges;2.4;93;0;0.1
12/01/2026;06:52;Genlis;2.3;94;0;0
12/01/2026;07:32;Varanges;2.5;93;0;0.1
12/01/2026;07:32;Genlis;2.5;94;0;0
12/01/2026;07:55;Varanges;2.6;93;0.3;0.4
12/01/2026;07:55;Genlis;2.5;94;0.3;0.3
12/01/2026;08:40;Varanges;3;93;0.4;0.51
12/01/2026;08:40;Genlis;2.7;95;0.51;0.51
12/01/2026;09:03;Varanges;3.2;93;0.2;0.61
12/01/2026;09:03;Genlis;2.9;95;0.1;0.61
12/01/2026;09:47;Varanges;3.4;93;0.3;0.81
12/01/2026;09:47;Genlis;3.1;95;0.4;0.91
12/01/2026;10:31;Varanges;3.8;94;0.3;1.11
12/01/2026;10:31;Genlis;3.5;94;0.51;1.31
12/01/2026;10:58;Varanges;4.6;93;0.3;1.11
12/01/2026;10:58;Genlis;4.3;92;0.3;1.31
12/01/2026;11:29;Varanges;5;92;0.3;1.41
12/01/2026;11:29;Genlis;4.7;91;0.1;1.41
12/01/2026;11:46;Varanges;5.7;92;0.3;1.41
12/01/2026;11:46;Genlis;5.2;90;0.2;1.52
12/01/2026;12:57;Varanges;6.9;89;0;1.41
12/01/2026;12:57;Genlis;6.9;82;0;1.52
12/01/2026;13:49;Varanges;6.7;87;0;1.41
12/01/2026;13:49;Genlis;6.8;81;0;1.52
12/01/2026;14:04;Varanges;6.9;86;0;1.41
12/01/2026;14:04;Genlis;7;81;0;1.52
12/01/2026;14:31;Varanges;7.1;84;0;1.41
12/01/2026;14:31;Genlis;7.2;81;0;1.52
12/01/2026;15:00;Varanges;7;83;0;1.41
12/01/2026;15:00;Genlis;6.9;84;0;1.52
12/01/2026;15:43;Varanges;6.8;84;0;1.41
12/01/2026;15:43;Genlis;6.7;84;0;1.52
12/01/2026;16:00;Varanges;6.5;83;0;1.41
12/01/2026;16:00;Genlis;6.4;80;0;1.52
12/01/2026;16:46;Varanges;5.4;83;0;1.41
12/01/2026;16:46;Genlis;5.5;80;0;1.52
12/01/2026;17:27;Varanges;5.4;83;0;1.41
12/01/2026;17:27;Genlis;4.8;82;0;1.52
12/01/2026;17:47;Varanges;5.2;82;0;1.41
12/01/2026;17:47;Genlis;4.9;82;0;1.52
12/01/2026;18:39;Varanges;5.4;82;0;1.41
12/01/2026;18:39;Genlis;5.2;80;0;1.52
12/01/2026;19:02;Varanges;5;81;0;1.41
12/01/2026;19:02;Genlis;5;79;0;1.52
12/01/2026;19:32;Varanges;5.2;82;0;1.41
12/01/2026;19:32;Genlis;5;79;0;1.52
12/01/2026;19:52;Varanges;5.2;81;0;1.41
12/01/2026;19:52;Genlis;5;80;0;1.52
12/01/2026;20:30;Varanges;5.3;83;0;1.41
12/01/2026;20:30;Genlis;5.1;82;0;1.52
12/01/2026;20:56;Varanges;5.6;85;0;1.41
12/01/2026;20:56;Genlis;5;85;0;1.52
12/01/2026;21:29;Varanges;5.2;86;0;1.41
12/01/2026;21:29;Genlis;5.2;88;0;1.52
12/01/2026;21:47;Varanges;4.7;87;0;1.41
12/01/2026;21:47;Genlis;5.2;90;0;1.52
12/01/2026;22:23;Varanges;5.5;89;0;1.41
12/01/2026;22:23;Genlis;5.7;91;0;1.52
12/01/2026;22:44;Varanges;5.8;90;0;1.41
12/01/2026;22:44;Genlis;6.2;91;0;1.52
12/01/2026;22:57;Varanges;5.6;89;0;1.41
12/01/2026;22:57;Genlis;6.2;91;0;1.52
12/01/2026;23:24;Varanges;4.7;90;0;0
12/01/2026;23:24;Genlis;6;91;0;0
12/01/2026;23:41;Varanges;4.5;92;0;0
12/01/2026;23:41;Genlis;6;92;0;0
12/01/2026;23:53;Genlis;5.9;92;0;0
13/01/2026;05:14;Varanges;0.5;96;0;0
13/01/2026;05:14;Genlis;0.7;96;0;0
13/01/2026;05:44;Varanges;0.8;96;0;0
13/01/2026;05:44;Genlis;0.5;96;0;0
13/01/2026;05:57;Varanges;0.8;97;0;0
13/01/2026;05:57;Genlis;0.6;97;0;0
13/01/2026;06:48;Varanges;1;97;0;0
13/01/2026;06:48;Genlis;0.9;97;0;0
13/01/2026;07:29;Varanges;1.1;97;0;0
13/01/2026;07:29;Genlis;1.6;97;0;0
13/01/2026;07:47;Varanges;1.4;97;0;0
13/01/2026;07:47;Genlis;1.6;96;0;0
13/01/2026;08:37;Varanges;2.3;98;0;0
13/01/2026;08:37;Genlis;2.4;97;0;0
13/01/2026;09:02;Varanges;2.9;98;0;0
13/01/2026;09:02;Genlis;3;97;0;0
13/01/2026;09:43;Varanges;5;99;0;0
13/01/2026;09:43;Genlis;5.7;96;0;0
13/01/2026;09:58;Varanges;6.2;99;0;0
13/01/2026;09:58;Genlis;6.4;96;0;0
13/01/2026;10:36;Varanges;8.6;99;0;0
13/01/2026;10:36;Genlis;9.1;96;0;0
13/01/2026;10:58;Varanges;11.3;97;0;0
13/01/2026;10:58;Genlis;10.6;95;0;0
13/01/2026;11:30;Varanges;12.9;91;0;0
13/01/2026;11:30;Genlis;12.4;86;0;0
13/01/2026;11:47;Varanges;13.5;90;0;0
13/01/2026;11:47;Genlis;12.3;83;0;0
13/01/2026;12:58;Varanges;14.6;80;0;0
13/01/2026;12:58;Genlis;12.6;84;0;0
13/01/2026;13:48;Varanges;14.2;80;0;0
13/01/2026;13:48;Genlis;12.9;84;0;0
13/01/2026;14:30;Varanges;13.8;78;0;0
13/01/2026;14:30;Genlis;13.2;80;0;0
13/01/2026;15:00;Varanges;13.1;80;0;0
13/01/2026;15:00;Genlis;12.7;81;0;0
13/01/2026;15:43;Varanges;12.4;82;0;0
13/01/2026;15:43;Genlis;12.1;82;0;0
13/01/2026;16:01;Varanges;12.3;82;0;0
13/01/2026;16:01;Genlis;11.9;82;0;0
13/01/2026;16:50;Varanges;11.9;82;0;0
13/01/2026;16:50;Genlis;11.3;83;0;0
13/01/2026;17:31;Varanges;11.3;83;0;0
13/01/2026;17:31;Genlis;10.9;84;0;0
13/01/2026;17:57;Varanges;11.2;83;0;0
13/01/2026;17:57;Genlis;10.8;84;0;0
13/01/2026;18:43;Varanges;9.7;85;0;0
13/01/2026;18:43;Genlis;9.9;85;0;0
13/01/2026;19:02;Varanges;9.6;86;0;0
13/01/2026;19:02;Genlis;9.3;87;0;0
13/01/2026;19:32;Varanges;9;86;0;0
13/01/2026;19:32;Genlis;8.6;90;0;0
13/01/2026;19:52;Varanges;8.4;87;0;0
13/01/2026;19:52;Genlis;8.2;90;0;0
13/01/2026;20:31;Varanges;7.4;89;0;0
13/01/2026;20:31;Genlis;7.6;91;0;0
13/01/2026;20:57;Genlis;7.5;92;0;0
13/01/2026;21:30;Genlis;6.9;91;0;0
13/01/2026;21:53;Genlis;6.3;92;0;0
13/01/2026;22:27;Genlis;5.3;93;0;0
13/01/2026;23:55;Genlis;7.3;93;0;0
14/01/2026;02:09;Varanges;7.9;90;0;0
14/01/2026;02:09;Genlis;8.8;87;0;0
14/01/2026;03:55;Genlis;7.2;91;0;0
14/01/2026;04:50;Genlis;5.9;92;0;0
14/01/2026;05:30;Genlis;5;93;0;0
14/01/2026;07:54;Varanges;5.9;95;0;0
14/01/2026;07:54;Genlis;5.6;96;0;0
14/01/2026;08:37;Varanges;6.8;96;0;0
14/01/2026;08:37;Genlis;7.1;96;0;0
14/01/2026;09:03;Varanges;7.3;95;0;0
14/01/2026;09:03;Genlis;7.6;95;0;0
14/01/2026;09:44;Varanges;9.1;94;0;0
14/01/2026;09:44;Genlis;9;94;0;0
14/01/2026;09:59;Varanges;9.6;93;0;0
14/01/2026;09:59;Genlis;9.5;93;0;0
14/01/2026;10:38;Varanges;10.7;92;0;0
14/01/2026;10:38;Genlis;11.1;88;0;0
14/01/2026;10:59;Varanges;11.1;90;0;0
14/01/2026;10:59;Genlis;11.2;86;0;0
14/01/2026;11:31;Varanges;11.8;88;0;0
14/01/2026;11:31;Genlis;11.6;86;0;0
14/01/2026;11:53;Varanges;12;88;0;0
14/01/2026;11:53;Genlis;11.8;85;0;0
14/01/2026;12:57;Varanges;12.4;87;0;0
14/01/2026;12:57;Genlis;12.4;83;0;0
14/01/2026;13:47;Varanges;12.4;87;0;0
14/01/2026;13:47;Genlis;12.6;83;0;0
14/01/2026;14:30;Varanges;11.6;88;0;0
14/01/2026;14:30;Genlis;12.1;84;0;0
14/01/2026;15:00;Varanges;11.2;89;0;0
14/01/2026;15:00;Genlis;11.6;85;0;0
14/01/2026;15:39;Varanges;10.5;90;0;0
14/01/2026;15:39;Genlis;10.5;88;0;0
14/01/2026;15:57;Genlis;10.2;89;0;0
14/01/2026;16:42;Genlis;9.1;92;0;0
14/01/2026;18:40;Genlis;8.9;91;0;0
14/01/2026;19:01;Varanges;9.4;91;0;0
14/01/2026;19:01;Genlis;9.2;91;0;0
14/01/2026;19:32;Varanges;9.3;90;0;0
14/01/2026;19:32;Genlis;9.5;89;0;0
14/01/2026;19:52;Varanges;9;90;0;0
14/01/2026;19:52;Genlis;9.5;89;0;0
14/01/2026;20:27;Varanges;8.4;91;0;0
14/01/2026;20:27;Genlis;9.2;90;0;0
14/01/2026;20:47;Varanges;8.2;92;0;0
14/01/2026;20:47;Genlis;9.1;90;0;0
14/01/2026;21:27;Varanges;8;92;0;0
14/01/2026;21:27;Genlis;8.6;92;0;0
14/01/2026;21:47;Varanges;8.1;93;0;0
14/01/2026;21:47;Genlis;8.5;93;0;0
14/01/2026;22:28;Varanges;8.2;92;0;0
14/01/2026;22:28;Genlis;8.4;93;0;0
14/01/2026;22:50;Varanges;8.1;93;0;0
14/01/2026;22:50;Genlis;8.3;94;0;0
14/01/2026;23:22;Varanges;7.7;92;0;0
14/01/2026;23:22;Genlis;8.1;94;0;0
14/01/2026;23:42;Varanges;7.9;93;0;0
14/01/2026;23:42;Genlis;8.1;94;0;0
14/01/2026;23:54;Varanges;7.9;93;0;0
14/01/2026;23:54;Genlis;8.2;94;0;0
15/01/2026;02:04;Varanges;7.4;95;1.01;1.01
15/01/2026;02:04;Genlis;7.8;96;1.01;1.01
15/01/2026;03:49;Genlis;7.4;96;0;1.21
15/01/2026;04:46;Varanges;6.2;96;0;1.21
15/01/2026;04:46;Genlis;6.5;95;0;1.21
15/01/2026;05:30;Varanges;6;97;0;1.21
15/01/2026;05:30;Genlis;5.9;96;0;1.21
15/01/2026;07:29;Varanges;7.6;97;0;1.21
15/01/2026;07:29;Genlis;7.4;96;0;1.21
15/01/2026;07:48;Varanges;7.4;97;0;1.21
15/01/2026;07:48;Genlis;6.9;95;0;1.21
15/01/2026;08:37;Varanges;6.5;97;0;1.21
15/01/2026;08:37;Genlis;6.7;96;0;1.21
15/01/2026;09:58;Varanges;8.1;98;0;1.21
15/01/2026;09:58;Genlis;8.5;95;0;1.21
15/01/2026;10:36;Varanges;9.7;99;0;1.21
15/01/2026;10:36;Genlis;10.3;96;0;1.21
15/01/2026;10:58;Varanges;10.7;98;0;1.21
15/01/2026;10:58;Genlis;11.8;95;0.1;1.31
15/01/2026;11:29;Varanges;12.5;96;0;1.21
15/01/2026;11:29;Genlis;11.9;92;0.1;1.31
15/01/2026;11:47;Varanges;12.8;95;0;1.21
15/01/2026;11:47;Genlis;11.5;91;0;1.31
15/01/2026;12:56;Varanges;14;86;0;1.21
15/01/2026;12:56;Genlis;11.5;89;0;1.31
15/01/2026;13:46;Varanges;13.9;81;0;1.21
15/01/2026;13:46;Genlis;11.9;85;0;1.31
15/01/2026;14:29;Varanges;13;80;0;1.21
15/01/2026;14:29;Genlis;12.1;84;0;1.31
15/01/2026;14:54;Varanges;12.5;81;0;1.21
15/01/2026;14:54;Genlis;11.7;82;0;1.31
15/01/2026;16:03;Varanges;11.5;80;0;1.21
15/01/2026;16:03;Genlis;10.6;83;0;1.31
15/01/2026;18:02;Genlis;7.7;90;0;1.31
15/01/2026;18:55;Genlis;7.4;90;0;1.31
15/01/2026;19:29;Genlis;6.6;92;0;1.31
15/01/2026;19:49;Genlis;6.2;93;0;1.31
15/01/2026;20:57;Varanges;7.2;89;0;1.21
15/01/2026;21:30;Varanges;6.6;90;0;1.21
15/01/2026;23:26;Varanges;9;89;0;0
15/01/2026;23:26;Genlis;8.9;88;0;0
15/01/2026;23:44;Varanges;9.1;88;0;0
15/01/2026;23:44;Genlis;8.9;88;0;0
15/01/2026;23:57;Varanges;9;87;0;0
15/01/2026;23:57;Genlis;8.9;88;0;0
16/01/2026;02:24;Varanges;9;87;0;0
16/01/2026;02:24;Genlis;8.6;89;0;0
16/01/2026;08:36;Varanges;6.1;96;0;0
16/01/2026;09:01;Varanges;7.1;97;0;0
16/01/2026;09:42;Varanges;8;94;0;0
16/01/2026;09:57;Varanges;8.3;94;0;0
16/01/2026;09:57;Genlis;8.2;95;0;0
16/01/2026;10:34;Varanges;9;94;0;0
16/01/2026;10:34;Genlis;8.8;95;0;0
16/01/2026;10:57;Varanges;9.5;93;0;0
16/01/2026;10:57;Genlis;9.3;95;0;0
16/01/2026;11:27;Varanges;10.2;91;0;0
16/01/2026;11:27;Genlis;10.2;93;0;0
16/01/2026;11:46;Varanges;10.4;91;0;0
16/01/2026;11:46;Genlis;10.4;91;0;0
16/01/2026;12:55;Varanges;11;89;0;0
16/01/2026;12:55;Genlis;10.8;88;0;0
16/01/2026;13:41;Varanges;10.2;91;0.1;0.1
16/01/2026;13:41;Genlis;10.3;92;0;0
16/01/2026;14:03;Varanges;10.2;91;0.1;0.1
16/01/2026;14:03;Genlis;10.2;92;0;0
16/01/2026;20:28;Varanges;7.3;96;0.1;0.3
16/01/2026;20:28;Genlis;7.6;96;0;0.2
17/01/2026;02:04;Varanges;6.9;98;0.1;1.01
17/01/2026;02:04;Genlis;6.9;96;0;0.71
17/01/2026;09:52;Varanges;7.5;99;0;1.01
17/01/2026;09:52;Genlis;7.3;96;0;0.91
17/01/2026;10:32;Varanges;8;99;0;1.01
17/01/2026;10:32;Genlis;7.9;96;0;0.91
17/01/2026;10:53;Varanges;8.1;99;0;1.01
17/01/2026;10:53;Genlis;8.1;96;0;0.91
17/01/2026;11:25;Varanges;8.3;98;0;1.01
17/01/2026;11:25;Genlis;8.3;96;0;0.91
17/01/2026;11:38;Varanges;8.5;98;0;1.01
17/01/2026;11:38;Genlis;8.8;96;0;0.91
17/01/2026;11:52;Varanges;9.2;99;0;1.01
17/01/2026;11:52;Genlis;9.2;96;0;0.91
17/01/2026;12:57;Varanges;10.8;94;0;1.01
17/01/2026;12:57;Genlis;10.7;93;0;0.91
17/01/2026;13:36;Varanges;10.9;92;0;1.01
17/01/2026;13:36;Genlis;10.7;90;0;0.91
17/01/2026;13:53;Varanges;10.8;92;0;1.01
17/01/2026;13:53;Genlis;10.6;90;0;0.91
17/01/2026;14:29;Varanges;10.3;93;0;1.01
17/01/2026;14:29;Genlis;10.3;91;0;0.91
17/01/2026;14:53;Varanges;10;93;0;1.01
17/01/2026;14:53;Genlis;10.1;92;0;0.91
17/01/2026;15:29;Varanges;9.4;94;0;1.01
17/01/2026;15:29;Genlis;9.5;93;0;0.91
17/01/2026;15:52;Varanges;9.1;94;0;1.01
17/01/2026;15:52;Genlis;9.1;94;0;0.91
17/01/2026;16:34;Varanges;8.5;95;0;1.01
17/01/2026;16:34;Genlis;8.4;94;0;0.91
17/01/2026;16:54;Varanges;8.3;96;0;1.01
17/01/2026;16:54;Genlis;8.2;95;0;0.91
17/01/2026;17:26;Varanges;8;96;0.1;1.11
17/01/2026;17:26;Genlis;7.9;95;0;0.91
17/01/2026;17:42;Varanges;7.9;96;0.1;1.11
17/01/2026;17:42;Genlis;7.8;95;0;0.91
17/01/2026;17:52;Varanges;7.7;96;0.1;1.11
17/01/2026;17:52;Genlis;7.7;95;0;0.91
17/01/2026;18:40;Varanges;7.1;96;0;1.11
17/01/2026;18:40;Genlis;6.9;94;0;0.91
17/01/2026;18:57;Varanges;6.5;95;0;1.11
17/01/2026;18:57;Genlis;6.7;95;0;0.91
17/01/2026;19:23;Varanges;6.4;96;0;1.11
17/01/2026;19:23;Genlis;6.3;95;0;0.91
17/01/2026;19:36;Varanges;6.3;96;0;1.11
17/01/2026;19:36;Genlis;6.4;95;0;0.91
17/01/2026;19:52;Varanges;6.2;96;0;1.11
17/01/2026;19:52;Genlis;6.4;96;0;0.91
17/01/2026;20:32;Varanges;6.5;97;0;1.11
17/01/2026;20:32;Genlis;6.5;96;0;0.91
17/01/2026;20:53;Varanges;6.6;97;0;1.11
17/01/2026;20:53;Genlis;6.8;96;0;0.91
17/01/2026;21:27;Varanges;7;95;0;1.11
17/01/2026;21:27;Genlis;7.2;95;0;0.91
17/01/2026;21:52;Varanges;7;94;0;1.11
17/01/2026;21:52;Genlis;7.2;94;0;0.91
17/01/2026;22:30;Varanges;7.2;93;0;1.11
17/01/2026;22:30;Genlis;7.2;92;0;0.91
17/01/2026;22:53;Varanges;7.4;93;0;1.11
17/01/2026;22:53;Genlis;7.2;91;0;0.91
17/01/2026;23:28;Varanges;7;92;0;0
17/01/2026;23:28;Genlis;6.7;90;0;0
17/01/2026;23:52;Varanges;6.9;91;0;0
18/01/2026;02:35;Varanges;5.1;92;0;0
18/01/2026;02:35;Genlis;4.7;93;0;0
18/01/2026;03:59;Varanges;4.7;92;0;0
18/01/2026;03:59;Genlis;4.5;93;0;0
18/01/2026;04:49;Varanges;4.3;93;0;0
18/01/2026;04:49;Genlis;4.1;94;0;0
18/01/2026;05:34;Varanges;4;93;0;0
18/01/2026;05:34;Genlis;3.8;94;0;0
18/01/2026;05:54;Varanges;3.8;93;0;0
18/01/2026;05:54;Genlis;3.6;94;0;0
18/01/2026;06:45;Varanges;3.5;93;0;0
18/01/2026;06:45;Genlis;3.2;95;0;0
18/01/2026;07:01;Varanges;3.4;93;0;0
18/01/2026;07:01;Genlis;3.1;95;0;0
18/01/2026;07:29;Varanges;3;93;0;0
18/01/2026;07:29;Genlis;2.9;95;0;0
18/01/2026;07:52;Varanges;2.9;93;0;0
18/01/2026;07:52;Genlis;2.6;95;0;0
18/01/2026;08:37;Varanges;3;94;0;0
18/01/2026;08:37;Genlis;2.9;96;0;0
18/01/2026;08:57;Varanges;3.2;94;0;0
18/01/2026;08:57;Genlis;3.2;96;0;0
18/01/2026;09:31;Varanges;3.6;93;0;0
18/01/2026;09:31;Genlis;3.8;94;0;0
18/01/2026;09:53;Varanges;4;93;0;0
18/01/2026;09:53;Genlis;3.9;93;0;0
18/01/2026;10:33;Varanges;4.4;92;0;0
18/01/2026;10:33;Genlis;4.5;91;0;0
18/01/2026;10:53;Varanges;4.9;92;0;0
18/01/2026;10:53;Genlis;5;90;0;0
18/01/2026;11:24;Varanges;4.9;91;0;0
18/01/2026;11:24;Genlis;5.6;88;0;0
18/01/2026;11:38;Varanges;5;90;0;0
18/01/2026;11:38;Genlis;5.8;87;0;0
18/01/2026;11:52;Varanges;5;90;0;0
18/01/2026;11:52;Genlis;5.7;86;0;0
18/01/2026;12:57;Varanges;6.3;88;0;0
18/01/2026;12:57;Genlis;5.5;87;0;0
18/01/2026;13:36;Varanges;6.8;86;0;0
18/01/2026;13:36;Genlis;5.6;88;0;0
18/01/2026;13:53;Varanges;6.4;87;0;0
18/01/2026;13:53;Genlis;5.5;90;0;0
18/01/2026;14:29;Varanges;6.9;89;0;0
18/01/2026;14:29;Genlis;6;89;0;0
18/01/2026;14:52;Varanges;7;86;0;0
18/01/2026;14:52;Genlis;5.9;88;0;0
18/01/2026;15:29;Varanges;6.5;86;0;0
18/01/2026;15:29;Genlis;5.6;87;0;0
18/01/2026;15:53;Varanges;5.8;87;0;0
18/01/2026;15:53;Genlis;5;88;0;0
18/01/2026;16:36;Varanges;4.1;89;0;0
18/01/2026;16:36;Genlis;3.6;90;0;0
18/01/2026;16:55;Varanges;3.3;90;0;0
18/01/2026;17:27;Varanges;2.4;92;0;0
18/01/2026;17:52;Varanges;2;93;0;0
18/01/2026;17:52;Genlis;2.1;94;0;0
18/01/2026;18:39;Varanges;1.2;94;0.1;0.1
18/01/2026;18:39;Genlis;1.4;95;0;0
18/01/2026;18:56;Varanges;1.3;94;0;0.1
18/01/2026;18:56;Genlis;1.5;96;0;0
18/01/2026;19:24;Varanges;1.2;95;0;0.1
18/01/2026;19:24;Genlis;1.5;96;0;0
18/01/2026;19:36;Varanges;1.3;95;0;0.1
18/01/2026;19:36;Genlis;1.5;96;0;0
18/01/2026;19:52;Varanges;1.4;95;0;0.1
18/01/2026;19:52;Genlis;1.4;95;0;0
18/01/2026;20:33;Varanges;0.7;95;0;0.1
18/01/2026;20:33;Genlis;0.8;95;0;0
18/01/2026;21:27;Varanges;0.1;95;0;0.1
18/01/2026;21:27;Genlis;0;95;0;0
18/01/2026;21:52;Varanges;-0.2;95;0;0.1
18/01/2026;21:52;Genlis;-0.3;95;0;0
18/01/2026;22:31;Varanges;-0.5;96;0;0.1
18/01/2026;22:31;Genlis;-0.6;96;0;0
18/01/2026;22:53;Varanges;-0.8;96;0;0.1
18/01/2026;22:53;Genlis;-0.7;96;0;0
18/01/2026;23:28;Varanges;-0.7;96;0;0
18/01/2026;23:28;Genlis;-0.3;97;0;0
18/01/2026;23:53;Varanges;-0.4;96;0;0
18/01/2026;23:53;Genlis;-0.2;97;0;0
19/01/2026;02:32;Varanges;-0.3;97;0;0
19/01/2026;02:32;Genlis;-0.1;96;0;0
19/01/2026;04:05;Varanges;-0.5;97;0;0
19/01/2026;04:05;Genlis;-0.1;97;0;0.1
19/01/2026;04:59;Varanges;-0.7;97;0;0
19/01/2026;04:59;Genlis;-0.2;97;0;0.1
19/01/2026;05:43;Varanges;-0.6;97;0;0
19/01/2026;05:43;Genlis;-0.3;97;0;0.1
19/01/2026;06:00;Varanges;-0.6;97;0;0
19/01/2026;06:00;Genlis;-0.3;97;0;0.1
19/01/2026;06:54;Varanges;-0.7;97;0;0
19/01/2026;06:54;Genlis;-0.4;97;0;0.1
19/01/2026;07:38;Varanges;-0.6;98;0;0
19/01/2026;07:38;Genlis;-0.3;97;0;0.1
19/01/2026;07:57;Varanges;-0.6;98;0;0
19/01/2026;07:57;Genlis;-0.3;97;0;0.1
19/01/2026;08:48;Varanges;-0.6;98;0;0
19/01/2026;08:48;Genlis;-0.2;97;0;0.1
19/01/2026;09:47;Varanges;-0.3;98;0;0
19/01/2026;10:43;Varanges;0.1;98;0;0
19/01/2026;10:43;Genlis;0.3;97;0;0.1
19/01/2026;11:01;Varanges;0.3;98;0;0
19/01/2026;11:32;Varanges;0.4;98;0;0
19/01/2026;11:54;Varanges;0.6;98;0;0
19/01/2026;13:09;Varanges;1.5;98;0;0
19/01/2026;13:09;Genlis;2;97;0;0.1
19/01/2026;13:58;Varanges;1.7;98;0;0
19/01/2026;13:58;Genlis;2.2;96;0;0.1
19/01/2026;14:39;Varanges;1.6;98;0;0
19/01/2026;14:39;Genlis;2.1;96;0;0.1
19/01/2026;15:00;Varanges;1.6;98;0;0
19/01/2026;15:00;Genlis;2;96;0;0.1
19/01/2026;15:38;Varanges;1.5;98;0;0
19/01/2026;15:38;Genlis;1.9;96;0;0.1
19/01/2026;15:58;Varanges;1.5;98;0;0
19/01/2026;15:58;Genlis;1.7;96;0;0.1
19/01/2026;16:44;Varanges;1.3;98;0;0
19/01/2026;16:44;Genlis;1.5;96;0;0.1
19/01/2026;17:03;Varanges;1.3;98;0;0
19/01/2026;17:03;Genlis;1.5;96;0;0.1
19/01/2026;17:35;Varanges;1.3;98;0;0
19/01/2026;17:35;Genlis;1.4;96;0;0.1
19/01/2026;17:56;Varanges;1.3;98;0;0
19/01/2026;17:56;Genlis;1.3;96;0;0.1
19/01/2026;18:47;Varanges;1.2;98;0;0
19/01/2026;18:47;Genlis;1.2;96;0;0.1
19/01/2026;19:28;Varanges;1.1;98;0;0
19/01/2026;19:28;Genlis;1.1;96;0;0.1
19/01/2026;19:53;Varanges;1;98;0;0
19/01/2026;19:53;Genlis;1;96;0;0.1
19/01/2026;20:34;Varanges;0.8;98;0;0
19/01/2026;20:56;Varanges;0.8;98;0;0
19/01/2026;21:29;Varanges;0.8;98;0;0
19/01/2026;21:29;Genlis;0.8;96;0.1;0.2
19/01/2026;21:52;Varanges;0.8;98;0;0
19/01/2026;21:52;Genlis;0.7;96;0.1;0.2
19/01/2026;22:33;Varanges;0.6;98;0;0
19/01/2026;22:33;Genlis;0.6;96;0;0.2
19/01/2026;22:55;Varanges;0.5;98;0;0
19/01/2026;22:55;Genlis;0.6;96;0;0.2
19/01/2026;23:30;Varanges;0.5;98;0;0
19/01/2026;23:30;Genlis;0.6;96;0;0
19/01/2026;23:53;Varanges;0.4;98;0;0
20/01/2026;02:27;Varanges;0;98;0;0.1
20/01/2026;02:27;Genlis;0.1;96;0;0
20/01/2026;03:55;Varanges;-0.2;98;0;0.1
20/01/2026;03:55;Genlis;-0.1;97;0;0
20/01/2026;04:53;Varanges;-0.3;98;0;0.1
20/01/2026;05:40;Varanges;-0.4;98;0;0.1
20/01/2026;05:58;Varanges;-0.4;98;0;0.1
20/01/2026;05:58;Genlis;-0.2;97;0;0.1
20/01/2026;06:53;Varanges;-0.3;98;0;0.1
20/01/2026;06:53;Genlis;0;97;0;0.1
20/01/2026;07:37;Varanges;-0.4;98;0;0.1
20/01/2026;07:37;Genlis;-0.1;97;0;0.1
20/01/2026;07:56;Varanges;-0.4;99;0;0.1
20/01/2026;07:56;Genlis;0;97;0;0.1
20/01/2026;08:48;Varanges;-0.2;99;0;0.1
20/01/2026;08:48;Genlis;0;97;0;0.1
20/01/2026;09:44;Varanges;-0.1;99;0;0.1
20/01/2026;09:44;Genlis;0.2;97;0;0.1
20/01/2026;10:01;Varanges;0.1;99;0;0.1
20/01/2026;10:42;Varanges;0.3;99;0;0.1
20/01/2026;11:01;Varanges;0.6;99;0;0.1
20/01/2026;11:01;Genlis;0.8;97;0;0.1
20/01/2026;11:33;Varanges;0.8;99;0;0.1
20/01/2026;11:33;Genlis;1.1;97;0;0.1
20/01/2026;11:55;Varanges;0.8;99;0;0.1
20/01/2026;11:55;Genlis;1.2;97;0;0.1
20/01/2026;13:11;Varanges;1.2;99;0;0.1
20/01/2026;13:11;Genlis;1.6;97;0;0.1
20/01/2026;14:00;Varanges;1.2;98;0;0.1
20/01/2026;14:00;Genlis;1.8;97;0;0.1
20/01/2026;14:45;Varanges;1;98;0;0.1
20/01/2026;14:45;Genlis;1.5;96;0;0.1
20/01/2026;15:16;Varanges;1;98;0;0.1
20/01/2026;15:16;Genlis;1.2;96;0;0.1
20/01/2026;15:53;Varanges;0.9;98;0;0.1
20/01/2026;16:48;Varanges;0.8;98;0;0.1
20/01/2026;17:41;Varanges;0.6;98;0;0.1
20/01/2026;17:41;Genlis;0.8;96;0;0.1
20/01/2026;18:00;Varanges;0.7;98;0;0.1
20/01/2026;18:00;Genlis;0.8;96;0;0.1
20/01/2026;19:08;Varanges;0.5;98;0.1;0.2
20/01/2026;19:08;Genlis;0.7;96;0;0.1
20/01/2026;20:19;Varanges;0.3;99;0;0.2
20/01/2026;20:19;Genlis;0.3;96;0;0.1
20/01/2026;20:52;Varanges;0.3;98;0;0.2
20/01/2026;20:52;Genlis;0.3;96;0;0.1
20/01/2026;21:31;Varanges;0.3;99;0;0.2
20/01/2026;21:31;Genlis;0.2;97;0;0.1
20/01/2026;21:52;Varanges;0.2;99;0;0.2
20/01/2026;21:52;Genlis;0.2;97;0;0.1
20/01/2026;22:33;Varanges;0.1;99;0;0.2
20/01/2026;22:33;Genlis;0.2;97;0.1;0.2
20/01/2026;22:53;Varanges;0.2;99;0;0.2
20/01/2026;23:32;Varanges;0;99;0;0
20/01/2026;23:54;Varanges;-0.1;99;0;0
20/01/2026;23:54;Genlis;0.3;97;0;0
21/01/2026;02:29;Varanges;-0.1;99;0;0
21/01/2026;02:29;Genlis;0.1;97;0;0
21/01/2026;03:58;Varanges;0;99;0;0
21/01/2026;03:58;Genlis;0.2;97;0;0
21/01/2026;04:52;Varanges;0.2;99;0;0
21/01/2026;05:39;Varanges;0.3;99;0;0
21/01/2026;05:58;Varanges;0.2;99;0;0
21/01/2026;07:57;Varanges;0.2;99;0;0
21/01/2026;08:47;Varanges;0.5;99;0;0
21/01/2026;09:44;Varanges;1.2;99;0;0
21/01/2026;10:01;Varanges;1.4;99;0;0
21/01/2026;10:01;Genlis;1.6;97;0;0
21/01/2026;10:44;Varanges;2.1;99;0;0
21/01/2026;10:44;Genlis;2.3;97;0;0
21/01/2026;11:02;Varanges;2.3;99;0;0
21/01/2026;11:02;Genlis;2.6;97;0;0
21/01/2026;11:34;Varanges;2.8;99;0;0
21/01/2026;11:34;Genlis;3.3;97;0;0
21/01/2026;11:55;Varanges;3.2;100;0;0
21/01/2026;11:55;Genlis;3.6;97;0;0
21/01/2026;13:10;Varanges;3.7;100;0;0
21/01/2026;13:10;Genlis;4.7;96;0;0
21/01/2026;14:00;Genlis;4.5;95;0;0
21/01/2026;14:46;Genlis;4.8;95;0;0
21/01/2026;15:16;Genlis;5.4;95;0;0
21/01/2026;15:54;Genlis;5.4;95;0;0
21/01/2026;17:13;Genlis;4.8;95;0;0
21/01/2026;18:07;Genlis;4.5;95;0;0
21/01/2026;19:03;Genlis;3.9;95;0;0
21/01/2026;19:37;Genlis;3.8;94;0;0
21/01/2026;20:02;Genlis;3.9;95;0;0
21/01/2026;20:45;Genlis;3.3;94;0;0
21/01/2026;22:38;Genlis;3.6;94;0;0
21/01/2026;23:00;Genlis;3.2;94;0;0
21/01/2026;23:35;Genlis;2.5;94;0;0
22/01/2026;07:56;Genlis;2.6;96;0.1;0.1
22/01/2026;08:48;Genlis;4.1;97;0.1;0.2
22/01/2026;09:43;Genlis;6;97;0.1;0.3
22/01/2026;10:00;Genlis;6.2;96;0.1;0.3
22/01/2026;10:42;Genlis;8;96;0;0.3
22/01/2026;11:01;Genlis;8.8;96;0;0.3
22/01/2026;11:32;Genlis;8.9;92;0;0.3
22/01/2026;11:55;Genlis;8.9;91;0;0.3
22/01/2026;13:11;Genlis;8.9;91;0;0.3
22/01/2026;14:00;Genlis;8.9;90;0;0.3
22/01/2026;14:44;Genlis;9.1;89;0;0.3
22/01/2026;15:15;Genlis;9;91;0;0.3
22/01/2026;15:52;Genlis;8.8;90;0;0.3
22/01/2026;16:48;Genlis;7.9;92;0;0.3
22/01/2026;17:40;Genlis;7.1;94;0;0.3
22/01/2026;18:50;Genlis;7.2;94;0;0.3
22/01/2026;19:33;Genlis;7.3;93;0;0.3
22/01/2026;19:55;Genlis;7.1;93;0;0.3
22/01/2026;20:39;Genlis;6.5;92;0;0.3
22/01/2026;23:54;Genlis;2.9;95;0;0
23/01/2026;05:57;Genlis;1.1;96;0;0
23/01/2026;06:51;Genlis;1;96;0;0
23/01/2026;07:35;Genlis;0.9;96;0;0
23/01/2026;09:03;Genlis;3.7;97;0;0
23/01/2026;09:42;Genlis;4.2;96;0;0
23/01/2026;09:57;Genlis;4.1;96;0;0
23/01/2026;10:39;Genlis;4.9;96;0;0
23/01/2026;10:59;Genlis;5.2;96;0;0
23/01/2026;11:31;Genlis;5.5;96;0.3;0.3
23/01/2026;11:55;Genlis;5.6;96;1.11;1.11
23/01/2026;13:07;Genlis;6.5;96;0.51;2.22
23/01/2026;13:56;Genlis;7;96;0.61;2.83
23/01/2026;14:37;Genlis;7;96;0.4;3.03
23/01/2026;15:00;Genlis;6.9;96;0.3;3.13
23/01/2026;15:37;Genlis;6.7;96;0.1;3.13
23/01/2026;15:59;Genlis;6.4;96;0;3.13
23/01/2026;16:46;Genlis;6;96;0;3.13
23/01/2026;17:14;Genlis;5.8;96;0.1;3.23
23/01/2026;17:45;Genlis;5.7;96;0.1;3.23
23/01/2026;17:57;Genlis;5.5;96;0.1;3.23
23/01/2026;18:50;Genlis;5.1;96;0.71;3.94
23/01/2026;19:31;Genlis;5;96;0;3.94
23/01/2026;19:53;Genlis;4.9;96;0;3.94
23/01/2026;20:36;Genlis;4.5;96;0;3.94
23/01/2026;20:57;Genlis;4.1;96;0;3.94
23/01/2026;21:31;Genlis;3.8;96;0;3.94
23/01/2026;21:53;Genlis;3.6;96;0;3.94
23/01/2026;22:31;Genlis;2.5;95;0;3.94
24/01/2026;02:22;Varanges;-0.1;98;0;0.1
24/01/2026;03:46;Varanges;-0.8;98;0;0.1
24/01/2026;04:23;Varanges;-0.7;98;0;0.1
24/01/2026;04:52;Varanges;-0.8;98;0;0.1
24/01/2026;05:32;Varanges;-0.6;98;0;0.1
24/01/2026;05:53;Varanges;-0.6;98;0;0.1
24/01/2026;06:46;Varanges;-0.3;98;0;0.1
24/01/2026;06:46;Genlis;-0.3;97;0;0
24/01/2026;07:00;Varanges;-0.3;98;0;0.1
24/01/2026;07:00;Genlis;-0.3;97;0;0
24/01/2026;07:29;Varanges;-0.2;98;0;0.1
24/01/2026;07:29;Genlis;-0.2;97;0;0
24/01/2026;07:52;Varanges;-0.1;99;0;0.1
24/01/2026;07:52;Genlis;0;97;0;0
24/01/2026;08:38;Varanges;0.7;99;0.1;0.2
24/01/2026;08:38;Genlis;0.7;97;0;0
24/01/2026;08:58;Varanges;1.3;99;0.1;0.2
24/01/2026;09:31;Varanges;2;99;0;0.2
24/01/2026;09:52;Varanges;2.4;99;0;0.2
24/01/2026;09:52;Genlis;2.6;97;0.1;0.1
24/01/2026;10:33;Varanges;3;99;0;0.2
24/01/2026;10:33;Genlis;3.3;97;0;0.1
24/01/2026;10:54;Varanges;3.2;99;0;0.2
24/01/2026;10:54;Genlis;3.6;97;0;0.1
24/01/2026;11:26;Varanges;3.6;99;0;0.2
24/01/2026;11:26;Genlis;3.9;97;0;0.1
24/01/2026;11:41;Varanges;3.8;99;0;0.2
24/01/2026;11:41;Genlis;4.4;97;0;0.1
24/01/2026;11:52;Genlis;4.6;97;0;0.1
24/01/2026;12:59;Varanges;4.5;99;0;0.2
24/01/2026;12:59;Genlis;5.2;96;0;0.1
24/01/2026;13:38;Varanges;4.6;98;0;0.2
24/01/2026;13:38;Genlis;5.2;96;0;0.1
24/01/2026;13:54;Varanges;4.6;98;0;0.2
24/01/2026;13:54;Genlis;5.1;96;0;0.1
24/01/2026;14:30;Varanges;4.7;97;0;0.2
24/01/2026;14:30;Genlis;4.6;95;0;0.1
24/01/2026;14:53;Varanges;4.3;96;0;0.2
24/01/2026;14:53;Genlis;4.1;95;0;0.1
24/01/2026;15:30;Varanges;3.5;96;0;0.2
24/01/2026;15:30;Genlis;3.2;95;0;0.1
24/01/2026;15:53;Varanges;3;96;0;0.2
24/01/2026;15:53;Genlis;2.7;95;0;0.1
24/01/2026;16:36;Varanges;2;96;0;0.2
24/01/2026;16:36;Genlis;2.1;95;0;0.1
24/01/2026;16:56;Varanges;1.3;96;0;0.2
24/01/2026;16:56;Genlis;2;96;0;0.1
24/01/2026;17:28;Varanges;0.5;97;0;0.2
24/01/2026;17:28;Genlis;1.6;96;0;0.1
24/01/2026;17:52;Varanges;0.9;98;0;0.2
24/01/2026;17:52;Genlis;1.5;96;0;0.1
24/01/2026;18:43;Varanges;0.9;98;0;0.2
24/01/2026;18:43;Genlis;1.4;96;0;0.1
24/01/2026;18:59;Varanges;0.8;98;0;0.2
24/01/2026;18:59;Genlis;1.2;96;0;0.1
24/01/2026;19:24;Varanges;0.6;98;0;0.2
24/01/2026;19:24;Genlis;1;96;0;0.1
24/01/2026;19:37;Varanges;0.7;98;0;0.2
24/01/2026;19:37;Genlis;0.9;96;0;0.1
24/01/2026;19:52;Varanges;0.8;98;0;0.2
24/01/2026;19:52;Genlis;1;96;0;0.1
24/01/2026;20:32;Varanges;0.7;98;0;0.2
24/01/2026;20:32;Genlis;0.8;96;0;0.1
24/01/2026;20:53;Varanges;0.6;98;0;0.2
24/01/2026;20:53;Genlis;0.6;96;0;0.1
24/01/2026;21:27;Varanges;0.6;98;0;0.2
24/01/2026;21:27;Genlis;0.7;96;0;0.1
24/01/2026;21:52;Varanges;0.8;98;0;0.2
24/01/2026;21:52;Genlis;0.8;97;0;0.1
24/01/2026;22:31;Varanges;0.9;99;0;0.2
24/01/2026;22:31;Genlis;1;97;0;0.1
24/01/2026;22:53;Varanges;1;99;0;0.2
24/01/2026;22:53;Genlis;1.2;97;0;0.1
24/01/2026;23:29;Varanges;1.3;99;0;0
24/01/2026;23:29;Genlis;1.3;97;0;0
24/01/2026;23:52;Varanges;1.2;99;0;0
24/01/2026;23:52;Genlis;1.3;97;0.1;0.1
25/01/2026;02:39;Varanges;1.4;99;0;0.1
25/01/2026;02:39;Genlis;1.5;97;0;0.1
25/01/2026;04:07;Varanges;1.5;99;0;0.1
25/01/2026;04:07;Genlis;1.5;97;0;0.1
25/01/2026;05:04;Varanges;1.5;99;0;0.1
25/01/2026;05:04;Genlis;1.6;97;0;0.1
25/01/2026;05:40;Varanges;1.2;99;0;0.1
25/01/2026;05:40;Genlis;1.4;97;0;0.1
25/01/2026;05:57;Varanges;1.2;99;0;0.1
25/01/2026;05:57;Genlis;1.3;97;0;0.1
25/01/2026;06:47;Varanges;1;99;0;0.1
25/01/2026;06:47;Genlis;1.2;97;0;0.1
25/01/2026;07:31;Varanges;0.9;99;0;0.1
25/01/2026;07:31;Genlis;1;97;0;0.1
25/01/2026;07:52;Varanges;0.8;99;0;0.1
25/01/2026;07:52;Genlis;1;97;0;0.1
25/01/2026;08:38;Varanges;0.9;99;0;0.1
25/01/2026;08:38;Genlis;1.1;97;0;0.1
25/01/2026;08:58;Varanges;1.1;99;0;0.1
25/01/2026;08:58;Genlis;1.2;97;0;0.1
25/01/2026;09:32;Varanges;1.4;99;0;0.1
25/01/2026;09:32;Genlis;1.4;97;0;0.1
25/01/2026;09:53;Varanges;1.5;99;0;0.1
25/01/2026;09:53;Genlis;1.7;97;0;0.1
25/01/2026;10:34;Varanges;2;99;0;0.1
25/01/2026;10:34;Genlis;2.3;97;0;0.1
25/01/2026;10:55;Varanges;2.2;99;0;0.1
25/01/2026;10:55;Genlis;2.5;97;0;0.1
25/01/2026;11:26;Varanges;2.6;99;0;0.1
25/01/2026;11:26;Genlis;2.8;97;0;0.1
25/01/2026;11:41;Varanges;2.8;99;0;0.1
25/01/2026;11:41;Genlis;2.9;97;0;0.1
25/01/2026;11:52;Varanges;2.9;99;0;0.1
25/01/2026;11:52;Genlis;3.1;97;0;0.1
25/01/2026;13:01;Varanges;3.8;100;0;0.1
25/01/2026;13:01;Genlis;4.1;96;0;0.1
25/01/2026;13:39;Varanges;4.4;100;0;0.1
25/01/2026;13:39;Genlis;4.8;96;0;0.1
25/01/2026;13:56;Varanges;4.4;100;0;0.1
25/01/2026;13:56;Genlis;5.2;95;0;0.1
25/01/2026;14:31;Varanges;4.7;99;0;0.1
25/01/2026;14:31;Genlis;5.1;95;0;0.1
25/01/2026;14:53;Varanges;4.9;99;0;0.1
25/01/2026;14:53;Genlis;5.2;95;0;0.1
25/01/2026;15:30;Varanges;4.6;99;0;0.1
25/01/2026;15:30;Genlis;4.8;96;0;0.1
25/01/2026;15:53;Varanges;4.5;99;0;0.1
25/01/2026;15:53;Genlis;4.7;96;0;0.1
25/01/2026;16:37;Varanges;4.4;99;0;0.1
25/01/2026;16:37;Genlis;4.2;96;0;0.1
25/01/2026;16:57;Varanges;4.1;98;0;0.1
25/01/2026;16:57;Genlis;4;96;0;0.1
25/01/2026;17:29;Varanges;4;99;0.1;0.2
25/01/2026;17:29;Genlis;3.8;96;0;0.1
25/01/2026;17:52;Varanges;3.9;99;0.3;0.4
25/01/2026;17:52;Genlis;3.8;96;0.3;0.4
25/01/2026;18:43;Varanges;3.8;99;0.2;0.61
25/01/2026;18:43;Genlis;3.7;96;0.4;0.81
25/01/2026;18:59;Varanges;3.7;99;0.2;0.71
25/01/2026;18:59;Genlis;3.6;96;0.3;0.81
25/01/2026;19:26;Varanges;3.8;99;0.3;0.91
25/01/2026;19:26;Genlis;3.6;96;0.3;1.01
25/01/2026;19:39;Varanges;3.8;99;0.4;1.01
25/01/2026;19:39;Genlis;3.6;96;0.3;1.01
25/01/2026;19:52;Varanges;3.7;99;0.3;1.01
25/01/2026;19:52;Genlis;3.6;96;0.3;1.11
25/01/2026;20:34;Varanges;3.7;99;0.2;1.21
25/01/2026;20:34;Genlis;3.6;96;0.2;1.21
25/01/2026;20:54;Varanges;3.6;99;0.3;1.31
25/01/2026;20:54;Genlis;3.6;96;0.2;1.31
25/01/2026;21:28;Varanges;3.7;99;0.2;1.31
25/01/2026;21:28;Genlis;3.6;96;0.2;1.31
25/01/2026;21:52;Varanges;3.7;99;0;1.31
25/01/2026;21:52;Genlis;3.7;96;0.1;1.41
25/01/2026;22:32;Varanges;3.7;99;0.2;1.52
25/01/2026;22:32;Genlis;3.8;96;0.1;1.41
25/01/2026;22:54;Varanges;3.8;99;0.3;1.62
25/01/2026;22:54;Genlis;3.8;96;0.2;1.62
25/01/2026;23:29;Varanges;3.7;99;0.1;0
25/01/2026;23:29;Genlis;3.6;96;0.4;0.2
25/01/2026;23:53;Varanges;3.5;99;0.1;0.1
25/01/2026;23:53;Genlis;3.6;96;0.2;0.2
26/01/2026;02:38;Varanges;3.7;99;0.1;0.2
26/01/2026;02:38;Genlis;3.7;96;0.2;0.61
26/01/2026;04:10;Varanges;3.5;99;0;0.2
26/01/2026;04:10;Genlis;3.6;96;0;0.61
26/01/2026;05:07;Varanges;1.9;99;0.1;0.3
26/01/2026;05:07;Genlis;2.7;96;0;0.61
26/01/2026;05:52;Genlis;3.2;96;0;0.61
26/01/2026;06:53;Varanges;3.3;99;0;0.3
26/01/2026;06:53;Genlis;3.6;96;0;0.61
26/01/2026;07:37;Varanges;3.3;99;0;0.3
26/01/2026;07:37;Genlis;3.6;96;0;0.61
26/01/2026;07:56;Varanges;3.3;99;0;0.3
26/01/2026;07:56;Genlis;3.6;96;0;0.61
26/01/2026;08:48;Varanges;4.2;100;0;0.3
26/01/2026;08:48;Genlis;4;96;0;0.61
26/01/2026;09:46;Varanges;5;100;0;0.3
26/01/2026;09:46;Genlis;5.1;96;0;0.61
26/01/2026;10:02;Varanges;5.1;100;0;0.3
26/01/2026;10:02;Genlis;5.2;96;0;0.61
26/01/2026;10:40;Varanges;5.5;100;0;0.3
26/01/2026;10:40;Genlis;5.5;96;0;0.61
26/01/2026;11:00;Varanges;5.8;100;0;0.3
26/01/2026;11:00;Genlis;5.7;96;0;0.61
26/01/2026;11:31;Varanges;6.6;100;0;0.3
26/01/2026;11:31;Genlis;6.9;96;0;0.61
26/01/2026;11:53;Varanges;7.2;100;0;0.3
26/01/2026;11:53;Genlis;7.4;96;0;0.61
26/01/2026;13:09;Varanges;7.2;98;0;0.3
26/01/2026;13:09;Genlis;7.6;92;0;0.71
26/01/2026;13:58;Varanges;7.1;98;0;0.3
26/01/2026;13:58;Genlis;7.2;92;0;0.71
26/01/2026;14:41;Varanges;6.4;97;0;0.3
26/01/2026;14:41;Genlis;6.6;91;0;0.71
26/01/2026;15:02;Varanges;6.8;98;0;0.3
26/01/2026;15:02;Genlis;6.6;92;0;0.71
26/01/2026;15:39;Varanges;5.9;96;0;0.3
26/01/2026;15:39;Genlis;6;91;0;0.71
26/01/2026;16:01;Varanges;5.7;96;0;0.3
26/01/2026;16:01;Genlis;5.5;93;0;0.71
26/01/2026;16:49;Varanges;5;95;0;0.3
26/01/2026;16:49;Genlis;4.9;93;0;0.71
26/01/2026;20:38;Varanges;0.4;98;0;0.3
26/01/2026;20:59;Varanges;0.4;98;0;0.3
26/01/2026;20:59;Genlis;-0.1;96;0;0.71
26/01/2026;21:34;Varanges;0.2;98;0;0.3
26/01/2026;21:34;Genlis;-0.3;95;0;0.71
26/01/2026;21:57;Varanges;0.1;98;0;0.3
26/01/2026;21:57;Genlis;-0.5;95;0;0.71
26/01/2026;22:35;Varanges;-0.4;98;0;0.3
26/01/2026;22:35;Genlis;-0.9;95;0;0.71
26/01/2026;22:57;Varanges;-0.7;98;0;0.3
26/01/2026;22:57;Genlis;-1.2;95;0;0.71
26/01/2026;23:33;Varanges;-1.1;98;0;0
26/01/2026;23:33;Genlis;-1.9;95;0;0
26/01/2026;23:55;Varanges;-1.3;98;0;0
27/01/2026;02:33;Varanges;-2;98;0;0
27/01/2026;02:33;Genlis;-2;96;0;0
27/01/2026;04:01;Varanges;-1;99;0;0
27/01/2026;04:01;Genlis;-1.1;96;0;0
27/01/2026;04:54;Varanges;-0.5;99;0;0
27/01/2026;04:54;Genlis;-0.7;96;0;0
27/01/2026;05:38;Varanges;-0.5;99;0;0
27/01/2026;05:38;Genlis;-0.5;96;0;0
27/01/2026;05:57;Varanges;-0.5;99;0;0
27/01/2026;05:57;Genlis;-0.5;96;0;0
27/01/2026;06:52;Varanges;-0.3;99;0;0
27/01/2026;06:52;Genlis;-0.3;96;0;0
27/01/2026;07:37;Varanges;-0.2;99;0;0
27/01/2026;07:37;Genlis;-0.2;97;0;0
27/01/2026;07:56;Varanges;-0.1;99;0;0
27/01/2026;07:56;Genlis;-0.1;97;0;0
27/01/2026;08:48;Varanges;0.5;99;0.1;0.1
27/01/2026;08:48;Genlis;0.5;97;0;0
27/01/2026;09:45;Varanges;1.8;100;0;0.1
27/01/2026;09:45;Genlis;2.4;96;0;0
27/01/2026;10:01;Varanges;2;100;0;0.1
27/01/2026;10:01;Genlis;2.8;96;0;0
27/01/2026;10:43;Varanges;4.3;100;0;0.1
27/01/2026;10:43;Genlis;4.4;96;0;0
27/01/2026;11:02;Varanges;4.9;100;0;0.1
27/01/2026;11:02;Genlis;5.3;95;0;0
27/01/2026;11:32;Varanges;6.2;100;0.1;0.2
27/01/2026;11:32;Genlis;6.3;95;0.1;0.1
27/01/2026;11:56;Varanges;6.5;99;0.3;0.4
27/01/2026;11:56;Genlis;6.5;95;0.3;0.3
27/01/2026;13:11;Varanges;7;98;0.61;1.11
27/01/2026;13:11;Genlis;7;96;0.3;0.71
27/01/2026;14:01;Varanges;6.8;98;0.4;1.41
27/01/2026;14:01;Genlis;6.8;95;0.4;1.11
27/01/2026;14:45;Varanges;6.7;98;0.91;2.12
27/01/2026;14:45;Genlis;6.6;95;0.81;1.72
27/01/2026;15:17;Varanges;6.5;98;1.11;2.93
27/01/2026;15:17;Genlis;6.4;96;1.01;2.32
27/01/2026;15:49;Varanges;6.3;98;1.41;3.74
27/01/2026;15:49;Genlis;6.2;96;1.41;3.23
27/01/2026;16:45;Varanges;6;98;1.62;5.15
27/01/2026;16:45;Genlis;6;96;1.62;4.65
27/01/2026;17:15;Varanges;5.9;98;1.11;5.66
27/01/2026;17:15;Genlis;5.9;96;1.11;4.95
27/01/2026;17:51;Varanges;5.7;98;0.91;6.36
27/01/2026;17:51;Genlis;5.7;96;0.91;5.76
27/01/2026;18:54;Varanges;5.6;99;0.3;6.77
27/01/2026;18:54;Genlis;5.6;96;0.51;6.26
27/01/2026;19:36;Varanges;5.5;99;0.3;6.97
27/01/2026;19:36;Genlis;5.4;96;0.3;6.46
27/01/2026;19:57;Varanges;5.4;99;0.1;6.97
27/01/2026;19:57;Genlis;5.4;96;0;6.46
27/01/2026;20:35;Varanges;5.3;99;0;6.97
27/01/2026;20:35;Genlis;5.3;96;0;6.46
27/01/2026;20:57;Varanges;5.1;99;0;6.97
27/01/2026;21:29;Varanges;5.1;99;0.61;7.58
27/01/2026;21:29;Genlis;5.2;96;0.3;6.77
27/01/2026;21:54;Varanges;5.1;99;1.31;8.28
27/01/2026;21:54;Genlis;5.1;96;1.01;7.47
27/01/2026;22:33;Varanges;5.1;99;0.4;8.38
27/01/2026;22:33;Genlis;5;96;0.71;7.58
27/01/2026;22:56;Varanges;5.1;99;0.1;8.38
27/01/2026;22:56;Genlis;4.9;96;0.1;7.58
27/01/2026;23:32;Varanges;4.9;99;0;0
27/01/2026;23:32;Genlis;4.8;96;0;0
27/01/2026;23:55;Varanges;4.8;99;0.1;0.1
27/01/2026;23:55;Genlis;4.7;96;0;0
28/01/2026;02:29;Varanges;4.4;99;0.3;0.71
28/01/2026;02:29;Genlis;4.5;96;0.4;0.81
28/01/2026;03:59;Varanges;5.2;100;0.4;1.41
28/01/2026;03:59;Genlis;5.2;96;0.3;1.41
28/01/2026;04:52;Varanges;5.3;99;0.3;1.72
28/01/2026;04:52;Genlis;5.2;96;0.2;1.62
28/01/2026;05:39;Varanges;5.3;99;0.3;2.02
28/01/2026;05:39;Genlis;5.3;96;0.2;1.82
28/01/2026;05:58;Varanges;5.3;99;0.4;2.12
28/01/2026;05:58;Genlis;5.3;96;0.3;1.92
28/01/2026;06:52;Varanges;5;99;0;2.12
28/01/2026;06:52;Genlis;5.2;96;0.1;2.02
28/01/2026;07:36;Varanges;4.9;99;0;2.12
28/01/2026;07:36;Genlis;4.8;96;0;2.02
28/01/2026;07:56;Varanges;5;99;0;2.12
28/01/2026;07:56;Genlis;4.9;96;0;2.02
28/01/2026;08:48;Varanges;5.2;99;0.3;2.42
28/01/2026;08:48;Genlis;5.2;96;0.4;2.42
28/01/2026;09:45;Varanges;5.8;99;0.1;2.53
28/01/2026;09:45;Genlis;5.8;96;0;2.42
28/01/2026;10:02;Varanges;6;99;0;2.53
28/01/2026;10:02;Genlis;6;96;0.1;2.53
28/01/2026;10:44;Varanges;6.4;99;0;2.53
28/01/2026;10:44;Genlis;6.6;96;0;2.53
28/01/2026;11:02;Varanges;6.5;99;0;2.53
28/01/2026;11:02;Genlis;6.7;96;0;2.53
28/01/2026;11:33;Varanges;6.5;99;0;2.53
28/01/2026;11:33;Genlis;6.6;96;0;2.53
28/01/2026;11:55;Varanges;6.4;99;0.1;2.63
28/01/2026;11:55;Genlis;6.4;96;0;2.53
28/01/2026;13:11;Varanges;6.4;99;0.81;3.54
28/01/2026;13:11;Genlis;6.4;96;0.81;3.43
28/01/2026;14:00;Varanges;6;98;0.81;4.14
28/01/2026;14:00;Genlis;5.9;96;0.81;4.14
28/01/2026;14:45;Varanges;5.7;98;0.51;4.44
28/01/2026;14:45;Genlis;5.6;96;0.3;4.34
28/01/2026;15:17;Varanges;5.5;98;0.4;4.65
28/01/2026;15:17;Genlis;5.4;96;0.3;4.55
28/01/2026;15:56;Varanges;5.2;97;0.51;5.05
28/01/2026;15:56;Genlis;5.1;96;0.4;4.85
28/01/2026;16:53;Varanges;4.8;97;0.3;5.35
28/01/2026;16:53;Genlis;4.7;96;0.4;5.25
28/01/2026;17:44;Varanges;4.8;97;0.1;5.45
28/01/2026;17:44;Genlis;4.6;96;0.1;5.35
28/01/2026;18:02;Varanges;4.9;97;0.2;5.56
28/01/2026;18:02;Genlis;4.6;96;0.3;5.56
28/01/2026;18:51;Varanges;4.9;97;0.4;5.86
28/01/2026;18:51;Genlis;4.6;96;0.4;5.86
28/01/2026;19:38;Varanges;5;97;0.2;5.96
28/01/2026;19:38;Genlis;4.7;96;0.3;6.16
28/01/2026;19:58;Varanges;5;97;0.2;6.06
28/01/2026;19:58;Genlis;4.8;96;0.4;6.36
28/01/2026;20:46;Varanges;5;97;0.1;6.16
28/01/2026;20:46;Genlis;4.8;96;0.2;6.46
28/01/2026;21:16;Varanges;5;97;0;6.16
28/01/2026;21:16;Genlis;4.8;96;0;6.46
28/01/2026;21:51;Varanges;4.9;97;0;6.16
28/01/2026;21:51;Genlis;4.8;96;0;6.46
28/01/2026;22:40;Varanges;4.9;98;0;6.16
28/01/2026;22:40;Genlis;4.9;96;0;6.46
28/01/2026;23:01;Varanges;5;98;0;0
28/01/2026;23:01;Genlis;4.9;96;0;0
28/01/2026;23:36;Varanges;5;97;0.1;0.1
28/01/2026;23:36;Genlis;4.7;96;0.4;0.4
28/01/2026;23:58;Varanges;4.7;97;0.1;0.1
28/01/2026;23:58;Genlis;4.1;95;0.4;0.4
29/01/2026;02:47;Varanges;4.3;98;0;0.1
29/01/2026;02:47;Genlis;4.4;96;0;0.4
29/01/2026;04:46;Varanges;3.1;98;0;0.1
29/01/2026;04:46;Genlis;3.1;96;0;0.4
29/01/2026;05:34;Varanges;2.9;98;0;0.1
29/01/2026;05:34;Genlis;2.6;96;0;0.4
29/01/2026;06:28;Varanges;2.9;98;0;0.1
29/01/2026;07:29;Varanges;2.8;98;0;0.1
29/01/2026;07:29;Genlis;3;96;0;0.4
29/01/2026;08:05;Varanges;3.1;99;0;0.1
29/01/2026;08:05;Genlis;3.1;97;0;0.4
29/01/2026;08:57;Varanges;4;99;0;0.1
29/01/2026;08:57;Genlis;4.2;97;0;0.4
29/01/2026;09:55;Varanges;4.6;99;0;0.1
29/01/2026;09:55;Genlis;4.7;97;0;0.4
29/01/2026;10:53;Varanges;4.8;98;0;0.1
29/01/2026;10:53;Genlis;4.8;96;0;0.4
29/01/2026;11:41;Varanges;5.2;98;0;0.1
29/01/2026;11:41;Genlis;5.2;96;0;0.4
29/01/2026;12:01;Varanges;5.5;98;0;0.1
29/01/2026;12:01;Genlis;5.6;96;0;0.4
29/01/2026;13:20;Varanges;6;97;0;0.1
29/01/2026;13:20;Genlis;6.4;93;0;0.4
29/01/2026;14:09;Varanges;5.9;96;0;0.1
29/01/2026;14:09;Genlis;6.2;90;0;0.4
29/01/2026;15:03;Varanges;5.6;95;0;0.1
29/01/2026;15:03;Genlis;5.9;91;0;0.4
29/01/2026;15:50;Varanges;4.9;95;0;0.1
29/01/2026;15:50;Genlis;4.5;94;0;0.4
29/01/2026;16:56;Varanges;2.9;94;0;0.1
29/01/2026;17:49;Varanges;1.3;95;0;0.1
29/01/2026;19:01;Varanges;0.5;97;0;0.1
29/01/2026;19:38;Varanges;-0.4;96;0;0.1
29/01/2026;20:00;Varanges;-0.7;97;0;0.1
29/01/2026;20:44;Varanges;-1.2;97;0;0.1
29/01/2026;21:01;Varanges;-1.2;98;0;0.1
29/01/2026;21:38;Varanges;-0.8;98;0;0.1
29/01/2026;22:00;Varanges;-0.7;98;0;0.1
29/01/2026;22:00;Genlis;-0.6;96;0;0.4
29/01/2026;22:41;Varanges;-0.3;98;0;0.1
29/01/2026;22:41;Genlis;-0.2;96;0;0.4
29/01/2026;23:02;Varanges;-0.5;98;0;0
29/01/2026;23:02;Genlis;-0.8;95;0;0
29/01/2026;23:36;Varanges;-1.3;98;0;0
29/01/2026;23:36;Genlis;-1.6;95;0;0
29/01/2026;23:58;Varanges;-1.2;98;0;0
29/01/2026;23:58;Genlis;-1.6;95;0;0
30/01/2026;02:48;Varanges;-0.5;99;0;0
30/01/2026;02:48;Genlis;-0.6;96;0;0
30/01/2026;04:48;Varanges;0.3;99;0.1;0.1
30/01/2026;04:48;Genlis;0.2;97;0;0
30/01/2026;05:57;Varanges;0.7;99;0.2;0.51
30/01/2026;05:57;Genlis;0.8;97;0.3;0.4
30/01/2026;07:03;Varanges;1;99;0.2;0.71
30/01/2026;07:03;Genlis;1.1;97;0.2;0.61
30/01/2026;07:50;Varanges;1.5;99;0;0.71
30/01/2026;07:50;Genlis;1.6;97;0;0.61
30/01/2026;08:54;Varanges;2.9;100;0.1;0.81
30/01/2026;08:54;Genlis;3;97;0.1;0.71
30/01/2026;09:52;Varanges;5.3;100;0.1;0.91
30/01/2026;09:52;Genlis;5.4;96;0;0.81
30/01/2026;10:50;Varanges;6.1;99;0.3;1.21
30/01/2026;10:50;Genlis;6.1;96;0.3;1.11
30/01/2026;11:37;Genlis;6.6;96;0;1.11
30/01/2026;11:59;Varanges;6.9;99;0.1;1.31
30/01/2026;11:59;Genlis;6.8;96;0.1;1.21
30/01/2026;13:18;Varanges;8.6;99;0;1.31
30/01/2026;13:18;Genlis;8.7;95;0.1;1.31
30/01/2026;14:06;Varanges;9.5;99;0.1;1.41
30/01/2026;14:06;Genlis;8.6;95;0.2;1.41
30/01/2026;14:52;Varanges;9.9;97;0;1.41
30/01/2026;14:52;Genlis;8.7;95;0;1.41
30/01/2026;15:48;Varanges;8.6;97;0;1.41
30/01/2026;15:48;Genlis;8.3;95;0;1.41
30/01/2026;16:54;Varanges;7.6;98;0.1;1.52
30/01/2026;16:54;Genlis;7.6;95;0;1.41
30/01/2026;17:47;Varanges;6.9;98;0;1.52
30/01/2026;17:47;Genlis;7;95;0;1.41
30/01/2026;20:00;Genlis;5.7;96;0;1.41
30/01/2026;20:44;Genlis;5.4;96;0;1.41
30/01/2026;21:03;Genlis;5.3;96;0;1.41
30/01/2026;21:38;Genlis;5.2;96;0;1.41
30/01/2026;23:01;Varanges;5;99;0;0
30/01/2026;23:01;Genlis;4.9;96;0;0
30/01/2026;23:36;Varanges;5;99;0;0
30/01/2026;23:36;Genlis;4.9;96;0.1;0.1
30/01/2026;23:58;Varanges;4.9;99;0;0
30/01/2026;23:58;Genlis;4.8;96;0.1;0.1
31/01/2026;04:19;Varanges;4;98;0;0
31/01/2026;05:12;Varanges;3.7;98;0;0
31/01/2026;05:57;Varanges;3.3;98;0;0
31/01/2026;05:57;Genlis;3.2;96;0;0.1
31/01/2026;06:55;Varanges;3.2;98;0;0
31/01/2026;06:55;Genlis;3.3;96;0;0.1
31/01/2026;07:38;Varanges;3.5;99;0;0
31/01/2026;07:38;Genlis;3.4;96;0;0.1
31/01/2026;07:56;Varanges;3.6;99;0;0
31/01/2026;07:56;Genlis;3.6;97;0;0.1
31/01/2026;08:43;Varanges;4.7;99;0;0
31/01/2026;08:43;Genlis;4.3;96;0;0.1
31/01/2026;09:03;Varanges;5.2;99;0;0
31/01/2026;09:03;Genlis;4.8;96;0;0.1
31/01/2026;09:39;Varanges;5.9;99;0;0
31/01/2026;09:39;Genlis;6;96;0;0.1
31/01/2026;09:57;Varanges;6.2;99;0;0
31/01/2026;09:57;Genlis;6.6;96;0;0.1
31/01/2026;10:38;Varanges;7.6;99;0;0
31/01/2026;10:38;Genlis;8.2;96;0;0.1
31/01/2026;10:59;Varanges;8.1;98;0;0
31/01/2026;10:59;Genlis;9;96;0;0.1
31/01/2026;11:31;Varanges;8.9;97;0;0
31/01/2026;11:31;Genlis;9.8;96;0;0.1
31/01/2026;11:54;Varanges;9.1;95;0;0
31/01/2026;11:54;Genlis;9.7;95;0;0.1
31/01/2026;13:07;Varanges;9.5;94;0;0
31/01/2026;13:07;Genlis;9.8;92;0;0.1
31/01/2026;13:54;Varanges;10;93;0;0
31/01/2026;13:54;Genlis;10.4;90;0;0.1
31/01/2026;14:36;Varanges;9.6;92;0;0
31/01/2026;14:36;Genlis;9.9;90;0;0.1
31/01/2026;14:58;Varanges;9.3;93;0.3;0.3
31/01/2026;14:58;Genlis;9.6;91;0;0.1
31/01/2026;15:35;Varanges;8.4;95;1.82;1.82
31/01/2026;15:35;Genlis;8.4;93;2.83;2.93
31/01/2026;15:58;Varanges;8;96;1.72;2.02
31/01/2026;15:58;Genlis;7.7;94;3.64;3.74
31/01/2026;16:42;Varanges;7.1;97;0.61;2.53
31/01/2026;16:42;Genlis;7.1;95;0.51;3.94
31/01/2026;17:02;Varanges;7;97;0.1;2.53
31/01/2026;17:02;Genlis;6.8;95;0.2;3.94
31/01/2026;17:36;Varanges;6.5;97;0.1;2.63
31/01/2026;17:36;Genlis;6.5;95;0.1;4.04
31/01/2026;17:57;Varanges;6.3;97;0.1;2.63
31/01/2026;17:57;Genlis;6.1;95;0.1;4.04
31/01/2026;18:48;Varanges;6;98;0.1;2.73
31/01/2026;18:48;Genlis;5.8;96;0;4.04
31/01/2026;19:30;Varanges;5.9;98;0.2;2.83
31/01/2026;19:30;Genlis;5.7;96;0.2;4.24
31/01/2026;19:54;Varanges;5.9;98;0.1;2.83
31/01/2026;19:54;Genlis;5.7;96;0.1;4.24
31/01/2026;20:37;Varanges;5.5;98;0;2.83
31/01/2026;20:37;Genlis;5.6;96;0;4.24
31/01/2026;20:58;Varanges;5.4;98;0;2.83
31/01/2026;20:58;Genlis;5.4;96;0;4.24
31/01/2026;21:32;Varanges;5.3;98;0;2.83
31/01/2026;21:32;Genlis;5;96;0;4.24
31/01/2026;21:54;Varanges;5.4;99;0;2.83
31/01/2026;21:54;Genlis;4.7;96;0;4.24
31/01/2026;22:35;Varanges;5.5;99;0;2.83
31/01/2026;22:35;Genlis;4.9;96;0;4.24
31/01/2026;22:57;Varanges;5.5;99;0;2.83
31/01/2026;23:33;Varanges;5.5;99;0.1;0.1
31/01/2026;23:56;Varanges;5;98;0.1;0.1
01/02/2026;03:25;Varanges;3.5;99;0;0.1
01/02/2026;05:12;Varanges;4.1;99;0;0.1
01/02/2026;05:12;Genlis;4.1;97;0;0.1
01/02/2026;06:10;Varanges;4.2;99;0;0.1
01/02/2026;06:10;Genlis;4.2;97;0;0.1
01/02/2026;07:09;Varanges;4.4;99;0;0.1
01/02/2026;07:09;Genlis;4.4;97;0;0.1
01/02/2026;07:52;Varanges;4.4;99;0;0.1
01/02/2026;07:52;Genlis;4.4;97;0;0.1
01/02/2026;08:47;Varanges;4.9;100;0;0.1
01/02/2026;08:47;Genlis;5;97;0;0.1
01/02/2026;09:41;Varanges;5.8;100;0;0.1
01/02/2026;09:41;Genlis;5.8;96;0;0.1
01/02/2026;09:58;Varanges;6.1;100;0;0.1
01/02/2026;09:58;Genlis;6.2;96;0;0.1
01/02/2026;10:40;Varanges;7;100;0;0.1
01/02/2026;10:40;Genlis;7.3;95;0;0.1
01/02/2026;11:00;Varanges;8;100;0;0.1
01/02/2026;11:00;Genlis;8.5;95;0;0.1
01/02/2026;11:32;Varanges;8.7;100;0;0.1
01/02/2026;11:32;Genlis;9.3;95;0;0.1
01/02/2026;11:55;Varanges;8.7;99;0;0.1
01/02/2026;11:55;Genlis;9;95;0;0.1
01/02/2026;13:10;Varanges;8.6;98;0;0.1
01/02/2026;13:10;Genlis;8.7;95;0;0.1
01/02/2026;13:57;Varanges;9.7;97;0;0.1
01/02/2026;13:57;Genlis;10;92;0;0.1
01/02/2026;14:38;Varanges;9;96;0;0.1
01/02/2026;14:38;Genlis;9.6;87;0;0.1
01/02/2026;14:59;Varanges;8.9;96;0;0.1
01/02/2026;14:59;Genlis;9.3;90;0;0.1
01/02/2026;15:36;Varanges;8.5;95;0;0.1
01/02/2026;15:36;Genlis;8.7;91;0;0.1
01/02/2026;15:59;Varanges;8.2;95;0;0.1
01/02/2026;15:59;Genlis;8.5;91;0;0.1
01/02/2026;16:43;Varanges;7.7;95;0;0.1
01/02/2026;16:43;Genlis;7.8;93;0;0.1
01/02/2026;17:03;Varanges;7.5;96;0;0.1
01/02/2026;17:03;Genlis;7.6;93;0;0.1
01/02/2026;17:36;Varanges;7.3;96;0.3;0.4
01/02/2026;17:36;Genlis;7.3;94;0.3;0.4
01/02/2026;17:58;Varanges;7;96;0.61;0.71
01/02/2026;17:58;Genlis;7.1;94;0.51;0.61
01/02/2026;18:51;Varanges;6.9;97;0.1;0.81
01/02/2026;18:51;Genlis;6.9;95;0.1;0.71
01/02/2026;19:34;Varanges;6.8;97;0;0.81
01/02/2026;19:34;Genlis;6.7;95;0;0.71
01/02/2026;19:55;Varanges;6.6;97;0;0.81
01/02/2026;19:55;Genlis;6.6;95;0;0.71
01/02/2026;20:38;Varanges;6.6;97;0;0.81
01/02/2026;20:38;Genlis;6.6;95;0;0.71
01/02/2026;20:59;Varanges;6.7;97;0;0.81
01/02/2026;20:59;Genlis;6.7;95;0;0.71
01/02/2026;21:34;Varanges;6.6;97;0;0.81
01/02/2026;21:34;Genlis;6.7;95;0;0.71
01/02/2026;21:57;Varanges;6.5;97;0;0.81
01/02/2026;21:57;Genlis;6.5;95;0;0.71
01/02/2026;22:38;Varanges;6.4;97;0;0.81
01/02/2026;22:38;Genlis;6.2;96;0;0.71
01/02/2026;22:59;Varanges;6.3;98;0;0.81
01/02/2026;22:59;Genlis;6.3;96;0;0.71
01/02/2026;23:36;Varanges;5.3;97;0;0
01/02/2026;23:36;Genlis;6.1;96;0;0
01/02/2026;23:58;Genlis;5.7;95;0;0
02/02/2026;03:15;Varanges;5.8;98;0;0
02/02/2026;03:15;Genlis;5.7;96;0;0.1
02/02/2026;05:11;Varanges;4.5;99;0.1;0.1
02/02/2026;05:11;Genlis;5;96;0;0.1
02/02/2026;06:37;Varanges;5.1;99;0;0.1
02/02/2026;06:37;Genlis;5.2;96;0;0.1
02/02/2026;07:38;Varanges;4.2;98;0;0.1
02/02/2026;07:38;Genlis;4.5;96;0;0.1
02/02/2026;08:26;Varanges;4.7;99;0;0.1
02/02/2026;08:26;Genlis;5;96;0;0.1
02/02/2026;09:10;Varanges;6.1;99;0;0.1
02/02/2026;09:10;Genlis;6.5;96;0;0.1
02/02/2026;10:11;Varanges;7.5;99;0;0.1
02/02/2026;10:11;Genlis;8.6;95;0;0.1
02/02/2026;11:10;Varanges;9.2;99;0;0.1
02/02/2026;11:10;Genlis;9.6;94;0;0.1
02/02/2026;11:54;Varanges;10.4;96;0;0.1
02/02/2026;11:54;Genlis;11;90;0;0.1
02/02/2026;13:21;Varanges;12.1;94;0;0.1
02/02/2026;13:21;Genlis;11.9;84;0;0.1
02/02/2026;14:10;Varanges;12.6;91;0;0.1
02/02/2026;14:10;Genlis;12.3;84;0;0.1
02/02/2026;15:05;Varanges;11.3;89;0;0.1
02/02/2026;15:05;Genlis;11;87;0;0.1
02/02/2026;15:50;Varanges;11.2;89;0;0.1
02/02/2026;15:50;Genlis;10.8;88;0;0.1
02/02/2026;16:57;Varanges;10;87;0;0.1
02/02/2026;16:57;Genlis;9.9;83;0;0.1
02/02/2026;23:02;Varanges;6.9;95;0.2;0
02/02/2026;23:02;Genlis;6.9;95;0.1;0
02/02/2026;23:39;Varanges;6.7;96;0.2;0
02/02/2026;23:39;Genlis;6.8;95;0.1;0
03/02/2026;00:00;Varanges;6.6;96;0;0
03/02/2026;00:00;Genlis;6.7;95;0;0
03/02/2026;02:54;Varanges;6;97;0;0
03/02/2026;02:54;Genlis;6.1;95;0;0
03/02/2026;04:55;Varanges;5.9;97;0.3;0.51
03/02/2026;04:55;Genlis;6;96;0.2;0.4
03/02/2026;06:01;Varanges;6.8;96;0;0.51
03/02/2026;06:01;Genlis;6.4;95;0.1;0.51
03/02/2026;07:06;Varanges;8;95;0;0.51
03/02/2026;07:06;Genlis;8.2;94;0;0.51
03/02/2026;07:52;Varanges;7.5;96;0.51;1.01
03/02/2026;07:52;Genlis;7.5;95;0.3;0.81
03/02/2026;08:54;Varanges;6.5;96;0.81;1.92
03/02/2026;08:54;Genlis;6.5;95;0.51;1.31
03/02/2026;09:56;Varanges;6.5;97;0.4;2.63
03/02/2026;09:56;Genlis;6.4;96;0.51;1.92
03/02/2026;10:56;Varanges;7.4;98;0;2.63
03/02/2026;10:56;Genlis;7.3;96;0;1.92
03/02/2026;11:46;Varanges;9;98;0;2.63
03/02/2026;11:46;Genlis;9;94;0;1.92
03/02/2026;12:25;Varanges;9.9;97;0;2.63
03/02/2026;12:25;Genlis;9.9;92;0;1.92
03/02/2026;13:41;Varanges;10.4;94;0;2.63
03/02/2026;13:41;Genlis;10.6;91;0;1.92
03/02/2026;14:30;Varanges;10.7;92;0;2.63
03/02/2026;14:30;Genlis;10.7;89;0;1.92
03/02/2026;15:34;Varanges;10.8;88;0;2.63
03/02/2026;15:34;Genlis;11.3;85;0;1.92
03/02/2026;16:34;Varanges;9.2;89;0;2.63
03/02/2026;16:34;Genlis;9.1;89;0;1.92
03/02/2026;17:38;Varanges;6.9;89;0;2.63
03/02/2026;17:38;Genlis;7.1;88;0;1.92
03/02/2026;20:18;Varanges;3.8;93;0;2.63
03/02/2026;21:00;Genlis;2.9;95;0;1.92
03/02/2026;21:47;Genlis;2.8;95;0;1.92
03/02/2026;22:46;Varanges;2.5;96;0;2.63
03/02/2026;22:46;Genlis;1.9;95;0;1.92
04/02/2026;02:49;Varanges;1.6;98;0;0
04/02/2026;02:49;Genlis;1.8;96;0;0
04/02/2026;04:48;Varanges;1.5;98;0;0
04/02/2026;04:48;Genlis;1.8;96;0;0
04/02/2026;05:59;Varanges;2;98;0;0
04/02/2026;05:59;Genlis;2;96;0;0
04/02/2026;07:06;Varanges;2;98;0;0
04/02/2026;07:06;Genlis;1.7;96;0;0
04/02/2026;07:53;Varanges;2;99;0;0
04/02/2026;07:53;Genlis;1.9;96;0;0
04/02/2026;08:57;Varanges;2.8;99;0;0
04/02/2026;08:57;Genlis;2.9;96;0;0
04/02/2026;09:58;Varanges;3.9;99;0;0
04/02/2026;09:58;Genlis;3.9;96;0;0
04/02/2026;10:55;Varanges;5.6;99;0;0
04/02/2026;10:55;Genlis;6;96;0;0
04/02/2026;11:43;Varanges;7.4;96;0;0
04/02/2026;11:43;Genlis;7.5;95;0;0
04/02/2026;12:02;Varanges;8.4;95;0;0
04/02/2026;12:02;Genlis;8.1;95;0;0
04/02/2026;13:23;Varanges;10.3;90;0;0
04/02/2026;13:23;Genlis;8.6;89;0;0
04/02/2026;14:12;Varanges;11.2;86;0;0
04/02/2026;15:06;Varanges;11;81;0;0
04/02/2026;15:06;Genlis;9.8;83;0;0
04/02/2026;15:59;Varanges;10.3;81;0;0
04/02/2026;15:59;Genlis;9.6;80;0;0
04/02/2026;17:02;Varanges;7.3;86;0;0
04/02/2026;17:02;Genlis;6.7;87;0;0
04/02/2026;17:58;Varanges;4.9;89;0;0
04/02/2026;17:58;Genlis;4.5;91;0;0
04/02/2026;19:04;Varanges;4.1;93;0;0
04/02/2026;19:04;Genlis;4.5;94;0;0
04/02/2026;19:48;Varanges;2.9;93;0;0
04/02/2026;19:48;Genlis;3.1;93;0;0
04/02/2026;21:59;Varanges;4.1;96;0;0
04/02/2026;21:59;Genlis;3.8;95;0;0
04/02/2026;22:41;Varanges;4.3;96;0;0
04/02/2026;23:00;Varanges;4.3;96;0;0
04/02/2026;23:00;Genlis;4.4;95;0;0
04/02/2026;23:38;Varanges;4.1;96;0;0
04/02/2026;23:38;Genlis;4.2;95;0;0
05/02/2026;00:00;Varanges;4;96;0;0
05/02/2026;00:00;Genlis;4.1;95;0;0
05/02/2026;02:51;Genlis;7.3;94;0;0
05/02/2026;04:57;Varanges;6.3;95;0;0
05/02/2026;04:57;Genlis;6.6;94;0;0
05/02/2026;06:06;Varanges;6.1;97;0;0
05/02/2026;06:06;Genlis;6.2;96;0;0
05/02/2026;07:14;Varanges;6.4;97;0;0
05/02/2026;07:14;Genlis;6.7;95;0;0
05/02/2026;08:01;Varanges;6.7;97;0;0
05/02/2026;08:01;Genlis;7.2;95;0;0
05/02/2026;09:58;Varanges;10;94;0;0
05/02/2026;10:56;Varanges;10.5;93;0;0
05/02/2026;10:56;Genlis;11.4;86;0;0
05/02/2026;11:46;Varanges;12.1;88;0;0
05/02/2026;11:46;Genlis;13.1;78;0;0
05/02/2026;12:27;Varanges;12.9;85;0;0
05/02/2026;13:46;Varanges;13.6;80;0;0
05/02/2026;13:46;Genlis;12.7;80;0;0
05/02/2026;14:34;Genlis;12.1;80;0;0
05/02/2026;15:30;Varanges;11.6;83;0;0
05/02/2026;15:30;Genlis;11.6;82;0;0
05/02/2026;16:27;Varanges;10.6;85;0;0
05/02/2026;16:27;Genlis;10.1;85;0;0
05/02/2026;17:33;Varanges;8.9;88;0;0
05/02/2026;17:33;Genlis;8.8;88;0;0
05/02/2026;18:31;Varanges;8.7;90;0;0
05/02/2026;18:31;Genlis;8.1;92;0;0
05/02/2026;19:27;Varanges;8.4;92;1.01;1.01
05/02/2026;20:03;Varanges;8.1;94;2.12;2.42
05/02/2026;20:03;Genlis;8.1;95;2.22;2.63
05/02/2026;20:49;Varanges;8;95;1.92;3.84
05/02/2026;20:49;Genlis;7.9;95;2.32;4.44
05/02/2026;21:40;Varanges;7.8;95;1.41;4.95
05/02/2026;21:40;Genlis;7.8;96;1.31;5.25
05/02/2026;21:59;Varanges;7.7;95;0.81;5.15
05/02/2026;21:59;Genlis;7.7;96;0.81;5.45
05/02/2026;22:43;Varanges;7.6;96;1.01;5.96
05/02/2026;22:43;Genlis;7.7;96;0.61;5.96
05/02/2026;23:03;Varanges;7.4;96;0.71;0
05/02/2026;23:03;Genlis;7.6;96;0.61;0
05/02/2026;23:35;Varanges;7.2;97;0.3;0.1
05/02/2026;23:35;Genlis;7.4;96;0.2;0
05/02/2026;23:57;Varanges;7.1;97;0.1;0.1
05/02/2026;23:57;Genlis;7.3;96;0;0
06/02/2026;02:51;Varanges;7.1;98;0.1;0.51
06/02/2026;02:51;Genlis;7.1;96;0;0.3
06/02/2026;04:55;Varanges;7.7;98;0;0.51
06/02/2026;04:55;Genlis;7.7;96;0.1;0.51
06/02/2026;06:03;Varanges;7.7;98;0;0.61
06/02/2026;06:03;Genlis;7.8;96;0.1;0.71
06/02/2026;07:09;Varanges;7.8;98;0;0.61
06/02/2026;07:09;Genlis;7.7;96;0;0.71
06/02/2026;08:01;Varanges;7.9;98;0;0.61
06/02/2026;08:01;Genlis;7.8;96;0;0.71
06/02/2026;08:57;Varanges;8.7;98;0;0.61
06/02/2026;08:57;Genlis;9.2;96;0;0.71
06/02/2026;09:57;Varanges;9.6;98;0;0.61
06/02/2026;09:57;Genlis;10;95;0;0.71
06/02/2026;10:55;Varanges;11.5;97;0;0.61
06/02/2026;10:55;Genlis;11.5;92;0;0.71
06/02/2026;11:44;Varanges;12.5;95;0.1;0.71
06/02/2026;11:44;Genlis;12.4;88;0;0.71
06/02/2026;12:03;Varanges;12.6;95;0.1;0.71
06/02/2026;12:03;Genlis;12.9;83;0;0.71
06/02/2026;13:23;Varanges;14.6;86;0;0.71
06/02/2026;13:23;Genlis;13.2;83;0;0.71
06/02/2026;14:11;Varanges;13.2;83;0;0.71
06/02/2026;14:11;Genlis;13.4;79;0;0.71
06/02/2026;15:05;Varanges;11.9;85;0;0.71
06/02/2026;15:05;Genlis;11.9;83;0;0.71
06/02/2026;15:55;Varanges;10.8;86;0;0.71
06/02/2026;15:55;Genlis;11;84;0;0.71
06/02/2026;17:00;Varanges;9.7;89;0;0.71
06/02/2026;17:00;Genlis;10;87;0;0.71
06/02/2026;19:04;Genlis;8.3;93;0;0.71
06/02/2026;19:46;Genlis;7.1;92;0;0.71
07/02/2026;02:46;Genlis;1.6;95;0;0
07/02/2026;04:22;Varanges;0.8;98;0;0
07/02/2026;04:22;Genlis;0.5;95;0;0
07/02/2026;05:24;Varanges;0.3;97;0;0
07/02/2026;06:02;Varanges;0;97;0;0
07/02/2026;06:02;Genlis;0.1;96;0;0
07/02/2026;06:57;Varanges;0.1;98;0;0
07/02/2026;06:57;Genlis;-0.1;96;0;0
07/02/2026;07:40;Varanges;0.3;98;0;0
07/02/2026;07:40;Genlis;-0.2;96;0;0
07/02/2026;07:59;Varanges;0.5;98;0;0
07/02/2026;07:59;Genlis;0.2;96;0;0
07/02/2026;08:47;Varanges;1.6;99;0.1;0.1
07/02/2026;08:47;Genlis;1.7;96;0.1;0.1
07/02/2026;09:41;Varanges;4;99;0;0.1
07/02/2026;09:41;Genlis;5.9;96;0;0.1
07/02/2026;09:58;Varanges;4.6;99;0;0.1
07/02/2026;09:58;Genlis;6.6;95;0;0.1
07/02/2026;10:40;Varanges;6.2;99;0;0.1
07/02/2026;10:40;Genlis;8.5;95;0;0.1
07/02/2026;11:00;Varanges;7.5;100;0;0.1
07/02/2026;11:00;Genlis;10.5;95;0;0.1
07/02/2026;11:31;Varanges;11.1;99;0;0.1
07/02/2026;11:31;Genlis;12.7;94;0;0.1
07/02/2026;11:56;Varanges;12;96;0;0.1
07/02/2026;13:10;Varanges;14.2;87;0;0.1
07/02/2026;13:10;Genlis;9.7;90;0;0.1
07/02/2026;13:57;Varanges;14.1;81;0;0.1
07/02/2026;13:57;Genlis;10;89;0;0.1
07/02/2026;14:38;Varanges;13.5;80;0;0.1
07/02/2026;14:38;Genlis;10.4;88;0;0.1
07/02/2026;15:00;Varanges;13;80;0;0.1
07/02/2026;15:00;Genlis;10.8;86;0;0.1
07/02/2026;15:37;Varanges;12.3;80;0;0.1
07/02/2026;15:37;Genlis;12.2;80;0;0.1
07/02/2026;15:59;Varanges;12.1;81;0;0.1
07/02/2026;15:59;Genlis;11.5;80;0;0.1
07/02/2026;16:46;Varanges;11;82;0;0.1
07/02/2026;16:46;Genlis;9.3;85;0;0.1
07/02/2026;17:13;Varanges;8.8;84;0;0.1
07/02/2026;17:13;Genlis;7.6;87;0;0.1
07/02/2026;17:49;Varanges;6.7;89;0;0.1
07/02/2026;17:49;Genlis;5.6;90;0;0.1
07/02/2026;20:40;Varanges;4.3;94;0;0.1
07/02/2026;21:01;Varanges;3.8;94;0;0.1
07/02/2026;21:36;Varanges;3.2;95;0;0.1
07/02/2026;21:59;Varanges;2.9;95;0;0.1
07/02/2026;21:59;Genlis;2.5;93;0;0.1
07/02/2026;22:40;Varanges;2.2;95;0;0.1
07/02/2026;22:40;Genlis;2.5;93;0;0.1
07/02/2026;23:02;Varanges;2.2;96;0;0
07/02/2026;23:02;Genlis;2.2;93;0;0
07/02/2026;23:42;Varanges;2.4;97;0;0
07/02/2026;23:42;Genlis;2.2;94;0;0
08/02/2026;00:02;Varanges;2.4;96;0;0
08/02/2026;00:02;Genlis;2.2;94;0;0
08/02/2026;03:31;Varanges;0.5;96;0;0
08/02/2026;03:31;Genlis;0;93;0;0
08/02/2026;05:17;Varanges;-0.2;97;0;0
08/02/2026;05:17;Genlis;-0.1;94;0;0
08/02/2026;06:11;Varanges;-0.8;97;0;0
08/02/2026;06:11;Genlis;-0.6;94;0;0
08/02/2026;07:10;Varanges;-1.1;97;0;0
08/02/2026;07:10;Genlis;-1.5;94;0;0
08/02/2026;07:54;Varanges;-0.7;98;0;0
08/02/2026;07:54;Genlis;-0.8;95;0;0
08/02/2026;08:47;Varanges;1.8;99;0.1;0.1
08/02/2026;08:47;Genlis;1.5;95;0;0
08/02/2026;09:59;Varanges;4.4;99;0;0.1
08/02/2026;09:59;Genlis;5.7;95;0;0
08/02/2026;10:42;Varanges;5.9;98;0;0.1
08/02/2026;10:42;Genlis;8.3;95;0;0
08/02/2026;11:01;Varanges;7.1;98;0;0.1
08/02/2026;11:01;Genlis;9.2;95;0;0
08/02/2026;11:32;Varanges;9.3;95;0;0.1
08/02/2026;11:32;Genlis;10.4;94;0;0
08/02/2026;13:11;Varanges;10.7;88;0;0.1
08/02/2026;13:11;Genlis;7.2;94;0;0
08/02/2026;13:59;Varanges;11.5;85;0;0.1
08/02/2026;13:59;Genlis;7.7;93;0;0
08/02/2026;14:40;Varanges;11.9;84;0;0.1
08/02/2026;14:40;Genlis;8.4;93;0;0
08/02/2026;15:00;Varanges;11.6;84;0;0.1
08/02/2026;15:00;Genlis;9;93;0;0
08/02/2026;15:37;Varanges;10.5;85;0;0.1
08/02/2026;15:37;Genlis;11.1;89;0;0
08/02/2026;16:00;Varanges;10.3;86;0;0.1
08/02/2026;16:00;Genlis;10.6;85;0;0
08/02/2026;16:46;Varanges;9;86;0;0.1
08/02/2026;16:46;Genlis;7.1;87;0;0
08/02/2026;17:13;Varanges;7.5;88;0;0.1
08/02/2026;17:13;Genlis;5.7;89;0;0
08/02/2026;17:51;Varanges;5.5;91;0;0.1
08/02/2026;18:52;Varanges;4.2;94;0;0.1
08/02/2026;18:52;Genlis;2.8;94;0;0
08/02/2026;19:34;Varanges;2.5;94;0;0.1
08/02/2026;19:34;Genlis;1.9;94;0;0
08/02/2026;19:56;Varanges;2;95;0;0.1
08/02/2026;19:56;Genlis;1.5;94;0;0
08/02/2026;20:40;Varanges;1.9;96;0;0.1
08/02/2026;20:40;Genlis;1.4;95;0;0
08/02/2026;21:01;Varanges;1.6;96;0;0.1
08/02/2026;21:01;Genlis;1.6;95;0;0
08/02/2026;21:38;Varanges;1.4;96;0;0.1
08/02/2026;21:38;Genlis;1.2;95;0;0
08/02/2026;22:00;Varanges;1.3;96;0;0.1
08/02/2026;22:00;Genlis;1.2;96;0;0
08/02/2026;22:41;Varanges;1.2;97;0;0.1
08/02/2026;22:41;Genlis;1.6;96;0;0
08/02/2026;23:03;Varanges;1.4;97;0;0
08/02/2026;23:03;Genlis;1.6;96;0;0
08/02/2026;23:43;Varanges;1.6;97;0;0
08/02/2026;23:43;Genlis;1.6;96;0;0
09/02/2026;00:01;Varanges;1.5;97;0;0
09/02/2026;00:01;Genlis;1.5;96;0;0
09/02/2026;03:16;Varanges;2.4;97;0;0.1
09/02/2026;03:16;Genlis;2.5;96;0;0
09/02/2026;05:15;Varanges;2;98;0;0.1
09/02/2026;05:15;Genlis;2.1;96;0;0
09/02/2026;06:40;Varanges;2.2;98;0;0.1
09/02/2026;06:40;Genlis;2.3;96;0;0
09/02/2026;07:43;Varanges;2.1;98;0.1;0.2
09/02/2026;07:43;Genlis;2.4;96;0;0.1
09/02/2026;08:32;Varanges;2.5;98;0;0.2
09/02/2026;08:32;Genlis;2.8;96;0;0.1
09/02/2026;09:43;Varanges;3;98;0;0.2
09/02/2026;09:43;Genlis;3.3;96;0;0.1
09/02/2026;10:41;Varanges;3.4;99;0;0.2
09/02/2026;10:41;Genlis;3.7;96;0;0.1
09/02/2026;11:32;Varanges;3.8;98;0;0.2
09/02/2026;11:32;Genlis;4.3;96;0;0.1
09/02/2026;12:34;Varanges;4.2;99;0;0.2
09/02/2026;12:34;Genlis;4.5;96;0;0.1
09/02/2026;14:02;Varanges;4.7;99;0;0.2
09/02/2026;14:02;Genlis;5.2;96;0;0.1
09/02/2026;15:07;Varanges;5.1;98;0;0.2
09/02/2026;15:07;Genlis;5.7;96;0;0.1
09/02/2026;16:30;Varanges;5;97;0;0.2
09/02/2026;16:30;Genlis;5.1;95;0;0.1
09/02/2026;17:36;Varanges;4.3;97;0;0.2
09/02/2026;17:36;Genlis;4;96;0;0.1
09/02/2026;18:37;Varanges;3.7;97;0;0.2
09/02/2026;18:37;Genlis;2.9;94;0;0.1
09/02/2026;20:55;Varanges;3.7;98;0;0.2
09/02/2026;21:51;Varanges;3.5;98;0;0.2
09/02/2026;21:51;Genlis;3.5;96;0;0
09/02/2026;22:53;Varanges;3.5;98;0;0.2
09/02/2026;22:53;Genlis;3.4;96;0;0
09/02/2026;23:49;Varanges;3.5;99;0;0
09/02/2026;23:49;Genlis;3.4;96;0;0
10/02/2026;03:24;Varanges;5.6;100;1.01;2.53
10/02/2026;03:24;Genlis;6;96;1.11;2.63
10/02/2026;05:16;Varanges;6.9;98;0.4;4.24
10/02/2026;05:16;Genlis;6.8;96;0.51;4.44
10/02/2026;06:40;Varanges;6.9;98;0.3;5.05
10/02/2026;06:40;Genlis;6.8;96;0.1;5.15
10/02/2026;07:45;Varanges;7.2;98;0;5.05
10/02/2026;07:45;Genlis;7.1;96;0.1;5.25
10/02/2026;08:32;Varanges;7.5;99;0;5.05
10/02/2026;08:32;Genlis;7.4;96;0;5.25
10/02/2026;09:43;Varanges;8;99;0;5.05
10/02/2026;09:43;Genlis;8.2;96;0.1;5.35
10/02/2026;10:39;Varanges;8.5;99;0;5.05
10/02/2026;10:39;Genlis;8.5;96;0;5.35
10/02/2026;11:38;Varanges;9.7;99;0;5.05
10/02/2026;11:38;Genlis;10.2;94;0;5.35
10/02/2026;12:38;Varanges;11.4;98;0;5.05
10/02/2026;12:38;Genlis;11.6;91;0;5.35
10/02/2026;14:10;Varanges;11.7;96;0;5.05
10/02/2026;14:10;Genlis;11.9;90;0;5.35
10/02/2026;15:39;Varanges;10.6;92;0;5.05
10/02/2026;15:39;Genlis;10.8;90;0;5.35
10/02/2026;16:44;Varanges;9.4;94;0.81;5.86
10/02/2026;16:44;Genlis;9.3;95;0.51;5.86
10/02/2026;17:47;Varanges;8.9;96;0.2;6.16
10/02/2026;17:47;Genlis;8.9;95;0.2;6.06
10/02/2026;19:21;Varanges;8.7;97;0;6.36
10/02/2026;19:21;Genlis;8.7;96;0.1;6.36
10/02/2026;20:06;Varanges;8.7;97;0.61;6.97
10/02/2026;20:06;Genlis;8.7;96;0.4;6.67
10/02/2026;20:59;Varanges;9;98;0.81;7.68
10/02/2026;20:59;Genlis;8.9;96;0.61;7.27
10/02/2026;21:55;Varanges;9.2;98;0.4;7.98
10/02/2026;21:55;Genlis;9.2;96;0.1;7.58
10/02/2026;22:55;Varanges;9.6;98;0.2;8.18
10/02/2026;22:55;Genlis;9.6;96;0.2;7.78
10/02/2026;23:51;Varanges;9.5;98;0;0
10/02/2026;23:51;Genlis;9.5;96;0;0
11/02/2026;03:21;Varanges;9.2;98;0.4;0.4
11/02/2026;03:21;Genlis;9.3;96;0.51;0.61
11/02/2026;05:14;Varanges;9.1;98;0.1;1.01
11/02/2026;05:14;Genlis;9.3;96;0.1;1.82
11/02/2026;06:38;Varanges;9;98;0;1.01
11/02/2026;06:38;Genlis;9.3;96;0;1.82
11/02/2026;07:41;Varanges;9.2;98;0.1;1.11
11/02/2026;07:41;Genlis;9.4;96;0;1.82
11/02/2026;08:29;Varanges;9.6;99;0.2;1.21
11/02/2026;08:29;Genlis;9.5;96;0.2;2.02
11/02/2026;09:37;Varanges;10.7;99;0;1.21
11/02/2026;09:37;Genlis;10.7;96;0;2.02
11/02/2026;10:34;Varanges;11.6;99;0;1.21
11/02/2026;10:34;Genlis;11.5;95;0;2.02
11/02/2026;11:32;Varanges;11;98;1.52;2.83
11/02/2026;11:32;Genlis;10.8;95;2.12;4.14
11/02/2026;12:33;Varanges;12;94;0;2.83
11/02/2026;12:33;Genlis;12.3;91;0;4.14
11/02/2026;14:03;Varanges;12.9;88;0;2.83
11/02/2026;14:03;Genlis;12.7;84;0;4.14
11/02/2026;15:10;Varanges;13;83;0;2.83
11/02/2026;15:10;Genlis;13.2;77;0;4.14
11/02/2026;16:34;Varanges;11.2;85;0;2.83
11/02/2026;16:34;Genlis;11.3;83;0;4.14
11/02/2026;17:41;Varanges;10.4;88;0;2.83
11/02/2026;17:41;Genlis;10.5;87;0;4.14
11/02/2026;18:40;Varanges;10.4;88;0;2.83
11/02/2026;18:40;Genlis;10.5;87;0;4.14
11/02/2026;19:43;Varanges;9.3;90;0.51;3.33
11/02/2026;19:43;Genlis;9.2;93;0.61;4.75
11/02/2026;20:22;Varanges;9;92;0.61;3.74
11/02/2026;20:22;Genlis;9;94;0.61;5.05
11/02/2026;21:00;Varanges;9.6;93;0.4;3.94
11/02/2026;21:00;Genlis;9.3;94;0.2;5.15
11/02/2026;21:45;Genlis;9.6;93;0.3;5.45
11/02/2026;22:15;Varanges;9.2;94;0.81;4.75
11/02/2026;22:57;Varanges;9.1;95;0.71;5.35
11/02/2026;22:57;Genlis;9;96;0.71;6.36
11/02/2026;23:44;Varanges;8.9;95;0;0
11/02/2026;23:44;Genlis;8.7;95;0;0
12/02/2026;00:00;Varanges;8.7;95;0;0
12/02/2026;00:00;Genlis;8.7;96;0;0
12/02/2026;03:17;Varanges;8.8;96;0.1;0.61
12/02/2026;03:17;Genlis;8.8;96;0;0.4
12/02/2026;05:12;Varanges;8.4;96;0.51;1.72
12/02/2026;05:12;Genlis;8.4;96;0.51;1.31
12/02/2026;06:37;Varanges;8.3;97;0.3;2.32
12/02/2026;06:37;Genlis;8.3;96;0.2;1.82
12/02/2026;07:40;Varanges;8.6;97;1.72;4.04
12/02/2026;07:40;Genlis;8.5;96;2.12;3.94
12/02/2026;08:27;Varanges;8.9;96;0.4;4.24
12/02/2026;08:27;Genlis;8.7;95;0.61;4.14
12/02/2026;09:33;Varanges;9.1;95;0.1;4.34
12/02/2026;09:33;Genlis;9.2;93;0.2;4.34
12/02/2026;10:29;Varanges;9.9;94;0;4.34
12/02/2026;10:29;Genlis;9.9;89;0;4.34
12/02/2026;11:27;Varanges;9.8;94;0.51;4.85
12/02/2026;11:27;Genlis;9.9;94;0.51;4.85
12/02/2026;12:29;Varanges;10.8;93;0.51;5.35
12/02/2026;12:29;Genlis;10.3;92;0.61;5.45
12/02/2026;13:59;Varanges;10.8;93;0.2;5.76
12/02/2026;13:59;Genlis;10.3;91;0.2;5.96
12/02/2026;16:03;Varanges;10;88;0;5.76
12/02/2026;16:03;Genlis;10;86;0;5.96
12/02/2026;17:13;Varanges;9.1;91;0.1;5.86
12/02/2026;17:13;Genlis;9.3;92;0;5.96
12/02/2026;18:11;Varanges;8.9;90;0;5.86
12/02/2026;18:11;Genlis;8.9;88;0;5.96
12/02/2026;19:32;Varanges;8.5;90;0;5.86
12/02/2026;19:32;Genlis;8.7;88;0;5.96
12/02/2026;20:04;Varanges;8.3;90;0;5.86
12/02/2026;20:04;Genlis;8.2;89;0;5.96
12/02/2026;20:49;Varanges;8.1;91;0;5.86
12/02/2026;20:49;Genlis;8.1;90;0;5.96
12/02/2026;21:46;Varanges;7.3;93;0;5.86
12/02/2026;22:16;Varanges;7.2;93;0;5.86
12/02/2026;22:16;Genlis;7.3;94;0;5.96
12/02/2026;22:55;Varanges;7.3;93;0;5.86
12/02/2026;22:55;Genlis;7.3;93;0;5.96
12/02/2026;23:39;Varanges;7;93;0;0
12/02/2026;23:39;Genlis;7;93;0;0
13/02/2026;00:02;Varanges;6.7;93;0;0
13/02/2026;00:02;Genlis;6.7;93;0;0
13/02/2026;03:17;Varanges;6.6;96;0.1;0.4
13/02/2026;03:17;Genlis;6.6;96;0.2;0.51
13/02/2026;06:33;Varanges;6.2;96;0;0.4
13/02/2026;06:33;Genlis;6.2;96;0;0.51
13/02/2026;07:39;Varanges;6.4;96;0;0.4
13/02/2026;07:39;Genlis;6.4;96;0;0.51
13/02/2026;08:26;Varanges;6.5;96;0.1;0.51
13/02/2026;08:26;Genlis;6.6;96;0.1;0.61
13/02/2026;09:11;Varanges;7;97;0.3;0.71
13/02/2026;09:11;Genlis;7;96;0.3;0.81
13/02/2026;10:05;Varanges;9.5;96;0;0.71
13/02/2026;10:59;Varanges;10.4;91;0;0.71
13/02/2026;10:59;Genlis;11.2;80;0;0.81
13/02/2026;11:40;Varanges;11.4;88;0;0.71
13/02/2026;11:40;Genlis;12;79;0;0.81
13/02/2026;12:01;Varanges;12;85;0;0.71
13/02/2026;12:01;Genlis;12.6;76;0;0.81
13/02/2026;13:23;Varanges;12.5;82;0;0.71
13/02/2026;13:23;Genlis;13.3;75;0;0.81
13/02/2026;14:11;Varanges;11.9;82;0;0.71
13/02/2026;14:11;Genlis;12.4;76;0;0.81
13/02/2026;15:06;Varanges;11.5;82;0;0.71
13/02/2026;15:06;Genlis;12;78;0;0.81
13/02/2026;15:58;Varanges;10.7;85;0;0.71
13/02/2026;15:58;Genlis;11.1;84;0;0.81
13/02/2026;17:01;Genlis;9.7;89;0;0.81
13/02/2026;20:53;Varanges;7.3;93;0.1;1.01
13/02/2026;21:48;Varanges;6.7;94;0;1.01
13/02/2026;22:47;Varanges;6.1;95;0;1.01
13/02/2026;23:40;Varanges;6;96;0;0
14/02/2026;00:01;Varanges;6.1;96;0;0
14/02/2026;00:01;Genlis;6.2;96;0;0
14/02/2026;02:48;Varanges;6.8;96;0;0
14/02/2026;02:48;Genlis;6.5;97;0;0
14/02/2026;04:49;Varanges;6.6;96;0;0.1
14/02/2026;04:49;Genlis;6.6;96;0.1;0.2
14/02/2026;05:55;Varanges;6.7;97;0.2;0.3
14/02/2026;05:55;Genlis;6.7;97;0.3;0.51
14/02/2026;07:00;Varanges;6.7;97;0.2;0.61
14/02/2026;07:00;Genlis;6.5;97;0.2;0.71
14/02/2026;07:42;Varanges;6.8;96;0.2;0.71
14/02/2026;07:42;Genlis;6.6;97;0.2;0.81
14/02/2026;07:59;Varanges;6.6;96;0.2;0.81
14/02/2026;07:59;Genlis;6.5;97;0.1;0.81
14/02/2026;08:47;Varanges;6.4;96;0.2;0.91
14/02/2026;08:47;Genlis;6.3;96;0.3;1.11
14/02/2026;09:42;Varanges;6.7;96;0.51;1.41
14/02/2026;09:42;Genlis;6.7;97;0.3;1.41
14/02/2026;10:00;Varanges;6.8;96;0.3;1.52
14/02/2026;10:00;Genlis;6.8;96;0.3;1.52
14/02/2026;10:41;Varanges;6.8;95;0.3;1.72
14/02/2026;10:41;Genlis;6.6;95;0.3;1.72
14/02/2026;11:01;Varanges;6.7;95;0.3;1.82
14/02/2026;11:01;Genlis;6.6;95;0.2;1.72
14/02/2026;11:32;Varanges;6.3;94;0.2;1.92
14/02/2026;11:32;Genlis;6.4;95;0.1;1.82
14/02/2026;11:56;Varanges;5.7;94;0.2;2.02
14/02/2026;11:56;Genlis;6.1;94;0.1;1.82
14/02/2026;13:10;Varanges;4.8;93;0;2.02
14/02/2026;13:10;Genlis;5.1;93;0;1.82
14/02/2026;13:58;Varanges;4.4;92;0;2.02
14/02/2026;13:58;Genlis;4.4;92;0;1.82
14/02/2026;14:39;Varanges;3.6;92;0;2.02
14/02/2026;14:39;Genlis;3.7;92;0;1.82
14/02/2026;15:00;Varanges;3.5;92;0;2.02
14/02/2026;15:00;Genlis;3.6;92;0;1.82
14/02/2026;15:36;Varanges;3.1;92;0;2.02
14/02/2026;15:36;Genlis;3.1;93;0;1.82
14/02/2026;15:59;Varanges;2.8;92;0;2.02
14/02/2026;15:59;Genlis;2.8;92;0;1.82
14/02/2026;16:45;Varanges;2.5;92;0;2.02
14/02/2026;16:45;Genlis;2.6;92;0;1.82
14/02/2026;17:13;Varanges;2.5;91;0;2.02
14/02/2026;17:13;Genlis;2.5;91;0;1.82
14/02/2026;17:48;Varanges;2.4;91;0;2.02
14/02/2026;17:48;Genlis;2.4;90;0;1.82
14/02/2026;18:51;Varanges;2.3;90;0;2.02
14/02/2026;18:51;Genlis;2.3;90;0;1.82
14/02/2026;19:33;Varanges;2.2;91;0;2.02
14/02/2026;19:33;Genlis;2.2;91;0;1.82
14/02/2026;19:55;Varanges;2.2;91;0;2.02
14/02/2026;19:55;Genlis;2.2;91;0;1.82
14/02/2026;20:38;Varanges;2.1;91;0;2.02
14/02/2026;20:38;Genlis;2.1;91;0;1.82
14/02/2026;21:00;Varanges;2.1;91;0;2.02
14/02/2026;21:00;Genlis;2.1;92;0;1.82
14/02/2026;21:35;Varanges;2;91;0;2.02
14/02/2026;21:35;Genlis;1.9;91;0;1.82
14/02/2026;21:57;Varanges;1.9;91;0;2.02
14/02/2026;21:57;Genlis;1.9;92;0;1.82
14/02/2026;22:37;Varanges;1.9;91;0;2.02
14/02/2026;22:37;Genlis;1.9;92;0;1.82
14/02/2026;22:59;Varanges;1.8;91;0;2.02
14/02/2026;22:59;Genlis;1.9;92;0;1.82
14/02/2026;23:58;Varanges;1.8;91;0;0
14/02/2026;23:58;Genlis;1.7;92;0;0
15/02/2026;03:18;Varanges;1.5;90;0;0
15/02/2026;03:18;Genlis;1.6;90;0;0
15/02/2026;05:07;Varanges;1.1;90;0;0
15/02/2026;05:07;Genlis;1.3;89;0;0
15/02/2026;06:07;Varanges;0.9;90;0;0
15/02/2026;06:07;Genlis;1;89;0;0
15/02/2026;07:11;Varanges;0.8;91;0;0
15/02/2026;07:11;Genlis;0.8;90;0;0
15/02/2026;07:54;Varanges;1.1;92;0;0
15/02/2026;07:54;Genlis;1.1;91;0;0
15/02/2026;08:48;Varanges;1.9;91;0;0
15/02/2026;08:48;Genlis;2.1;88;0;0
15/02/2026;09:43;Varanges;2.6;89;0;0
15/02/2026;09:43;Genlis;2.8;83;0;0
15/02/2026;10:00;Varanges;2.7;88;0;0
15/02/2026;10:00;Genlis;2.9;84;0;0
15/02/2026;10:41;Varanges;3.1;87;0;0
15/02/2026;10:41;Genlis;3.8;80;0;0
15/02/2026;11:01;Varanges;2.9;86;0;0
15/02/2026;11:01;Genlis;3.6;81;0;0
15/02/2026;11:32;Varanges;3.2;86;0;0
15/02/2026;11:32;Genlis;3.7;81;0;0
15/02/2026;11:56;Varanges;4.3;87;0;0
15/02/2026;11:56;Genlis;4.2;78;0;0
15/02/2026;13:11;Varanges;4.9;81;0;0
15/02/2026;13:11;Genlis;4.6;77;0;0
15/02/2026;13:58;Varanges;4.6;80;0;0
15/02/2026;13:58;Genlis;5;74;0;0
15/02/2026;14:39;Varanges;4.2;80;0;0
15/02/2026;14:39;Genlis;4.7;74;0;0
15/02/2026;15:01;Varanges;3.9;81;0;0
15/02/2026;15:01;Genlis;4.2;76;0;0
15/02/2026;15:35;Varanges;3.2;84;0;0
15/02/2026;15:35;Genlis;3.5;84;0;0
15/02/2026;15:58;Genlis;3.1;86;0.1;0.1
15/02/2026;16:46;Genlis;2.5;93;0.71;0.71
15/02/2026;17:12;Varanges;2.2;91;1.11;1.52
15/02/2026;17:12;Genlis;2.1;95;1.11;1.41
15/02/2026;17:49;Varanges;2.2;93;1.31;2.12
15/02/2026;17:49;Genlis;2.2;96;1.11;1.82
15/02/2026;18:52;Varanges;2.7;94;0.3;2.42
15/02/2026;18:52;Genlis;2.8;97;0.1;1.92
15/02/2026;19:35;Varanges;3.1;95;0.1;2.53
15/02/2026;19:35;Genlis;3.2;97;0.1;2.02
15/02/2026;19:56;Varanges;3.2;95;0.1;2.53
15/02/2026;19:56;Genlis;3.3;97;0.1;2.12
15/02/2026;20:39;Varanges;3.5;96;0.1;2.63
15/02/2026;20:39;Genlis;3.5;97;0;2.12
15/02/2026;21:00;Varanges;3.6;96;0.2;2.73
15/02/2026;21:00;Genlis;3.7;97;0.1;2.22
15/02/2026;21:35;Varanges;4;96;0.1;2.73
15/02/2026;21:35;Genlis;4.1;97;0.1;2.22
15/02/2026;21:57;Varanges;4.4;96;0;2.73
15/02/2026;21:57;Genlis;4.3;97;0.1;2.32
15/02/2026;22:38;Varanges;4.7;97;0;2.73
15/02/2026;22:38;Genlis;4.7;97;0.1;2.32
15/02/2026;23:00;Varanges;4.9;97;0;0
15/02/2026;23:00;Genlis;4.9;97;0;0
15/02/2026;23:37;Varanges;5.3;97;0;0
15/02/2026;23:37;Genlis;5.2;97;0;0
16/02/2026;00:00;Varanges;5.4;97;0;0
16/02/2026;00:00;Genlis;5.3;97;0;0
16/02/2026;03:15;Varanges;8.5;95;0.1;0.51
16/02/2026;03:15;Genlis;8.3;95;0.1;0.71
16/02/2026;05:14;Varanges;6.8;91;0;0.51
16/02/2026;05:14;Genlis;7.1;92;0;0.71
16/02/2026;06:38;Genlis;6.6;95;0;0.71
16/02/2026;07:41;Genlis;6;94;0.1;0.81
16/02/2026;08:28;Varanges;6.8;96;0;0.51
16/02/2026;08:28;Genlis;6.2;96;0;0.81
16/02/2026;09:36;Varanges;8.8;97;0;0.51
16/02/2026;09:36;Genlis;8.6;96;0;0.81
16/02/2026;10:34;Varanges;7.1;94;0.61;1.11
16/02/2026;10:34;Genlis;7.5;92;0.51;1.31
16/02/2026;11:27;Varanges;10.1;96;0.2;1.31
16/02/2026;11:27;Genlis;9.8;94;0.1;1.41
16/02/2026;12:04;Varanges;11.7;93;0;1.31
16/02/2026;12:04;Genlis;11.4;83;0;1.41
16/02/2026;13:36;Varanges;12.1;80;0;1.41
16/02/2026;13:36;Genlis;11.1;76;0;1.41
16/02/2026;14:30;Varanges;11.2;76;0;1.41
16/02/2026;14:30;Genlis;10.6;71;0;1.41
16/02/2026;15:26;Varanges;9.8;80;0;1.41
16/02/2026;15:26;Genlis;10.1;75;0;1.41
16/02/2026;16:07;Varanges;8;81;0;1.41
16/02/2026;16:07;Genlis;8.1;78;0;1.41
16/02/2026;17:01;Varanges;6;88;0;1.41
16/02/2026;17:01;Genlis;6.1;88;0;1.41
16/02/2026;20:00;Varanges;5.5;88;0;1.41
16/02/2026;20:00;Genlis;5.7;86;0;1.41
16/02/2026;20:45;Varanges;5.5;87;0;1.41
16/02/2026;20:45;Genlis;6;85;0;1.41
16/02/2026;21:14;Varanges;5;88;0;1.41
16/02/2026;21:14;Genlis;4.9;85;0;1.41
16/02/2026;21:50;Varanges;3.5;89;0;1.41
16/02/2026;21:50;Genlis;3.6;88;0;1.41
16/02/2026;22:43;Varanges;4.7;91;0;1.41
16/02/2026;22:43;Genlis;4.7;93;0;1.41
16/02/2026;23:04;Varanges;5.3;91;0;0
16/02/2026;23:04;Genlis;5.2;91;0;0
16/02/2026;23:41;Varanges;5.4;90;0;0
16/02/2026;23:41;Genlis;5.4;89;0;0
17/02/2026;00:00;Varanges;5.5;90;0;0
17/02/2026;00:00;Genlis;5.5;89;0;0
17/02/2026;02:54;Varanges;4.3;92;0;0
17/02/2026;02:54;Genlis;4.2;93;0;0.1
17/02/2026;05:01;Varanges;5.9;91;0;0
17/02/2026;05:01;Genlis;5.9;89;0;0.1
17/02/2026;06:05;Varanges;5.8;89;0.1;0.1
17/02/2026;06:05;Genlis;5.8;88;0;0.1
17/02/2026;07:13;Varanges;5.7;91;0;0.1
17/02/2026;07:13;Genlis;5.6;91;0;0.1
17/02/2026;08:03;Varanges;6.2;91;0;0.1
17/02/2026;08:03;Genlis;5.8;92;0.1;0.2
17/02/2026;09:01;Varanges;6.3;92;0;0.1
17/02/2026;09:01;Genlis;6.2;91;0;0.2
17/02/2026;10:02;Varanges;7.9;91;0;0.1
17/02/2026;10:02;Genlis;7.7;88;0;0.2
17/02/2026;11:00;Varanges;7.9;87;0;0.1
17/02/2026;11:00;Genlis;8;85;0;0.2
17/02/2026;11:49;Varanges;7.9;90;0.1;0.2
17/02/2026;11:49;Genlis;8;85;0.1;0.3
17/02/2026;13:36;Varanges;8.8;88;0.2;0.91
17/02/2026;13:36;Genlis;7.5;87;0.3;0.61
17/02/2026;14:34;Varanges;9.4;84;0;0.91
17/02/2026;15:37;Varanges;8.7;81;0;0.91
17/02/2026;16:40;Varanges;8;73;0;0.91
17/02/2026;16:40;Genlis;7.1;70;0;0.61
17/02/2026;17:42;Varanges;4.4;80;0;0.91
17/02/2026;17:42;Genlis;4.2;78;0;0.61
17/02/2026;18:37;Varanges;3;85;0;0.91
17/02/2026;19:36;Varanges;2.7;88;0;0.91
17/02/2026;19:36;Genlis;2.1;88;0;0.61
17/02/2026;22:55;Varanges;1.5;93;0;0.91
17/02/2026;22:55;Genlis;1.2;94;0;0.61
17/02/2026;23:39;Varanges;0.7;93;0;0
17/02/2026;23:39;Genlis;0.3;93;0;0
18/02/2026;00:01;Varanges;0.3;93;0;0
18/02/2026;03:13;Varanges;1.8;95;0.1;0.1
18/02/2026;03:13;Genlis;2;96;0;0
18/02/2026;05:08;Varanges;2.2;96;0.4;1.11
18/02/2026;05:08;Genlis;2.5;96;0.3;0.91
18/02/2026;06:36;Varanges;3.3;97;0.91;2.12
18/02/2026;06:36;Genlis;3.9;96;0.91;1.92
18/02/2026;07:39;Varanges;4.3;97;0.91;3.03
18/02/2026;07:39;Genlis;4.4;96;1.01;3.03
18/02/2026;08:28;Varanges;4.9;97;0.81;3.64
18/02/2026;08:28;Genlis;4.7;96;0.81;3.74
18/02/2026;09:31;Varanges;5.8;96;0.4;4.04
18/02/2026;09:31;Genlis;5.7;96;0.2;3.94
18/02/2026;10:28;Varanges;6.3;96;0.1;4.14
18/02/2026;10:28;Genlis;6.3;96;0.2;4.24
18/02/2026;11:26;Varanges;7.1;97;0.1;4.24
18/02/2026;11:26;Genlis;7.2;96;0;4.24
18/02/2026;12:01;Varanges;7.8;97;0.1;4.24
18/02/2026;12:01;Genlis;7.9;96;0;4.24
18/02/2026;13:37;Varanges;9;97;0;4.34
18/02/2026;13:37;Genlis;9.3;94;0;4.34
18/02/2026;14:33;Varanges;9.2;95;0.1;4.44
18/02/2026;14:33;Genlis;9.3;91;0;4.34
18/02/2026;15:36;Varanges;9.5;95;0;4.44
18/02/2026;15:36;Genlis;9.3;92;0;4.44
18/02/2026;16:44;Varanges;9.4;93;0;4.44
18/02/2026;16:44;Genlis;9.3;91;0;4.44
18/02/2026;17:42;Varanges;9;93;0;4.44
18/02/2026;17:42;Genlis;9;91;0;4.44
18/02/2026;18:31;Varanges;8.3;93;0;4.44
18/02/2026;18:31;Genlis;8.7;91;0;4.44
18/02/2026;19:35;Varanges;6.5;94;0;4.44
18/02/2026;19:35;Genlis;7.6;94;0;4.44
18/02/2026;21:02;Genlis;7.9;95;0;4.44
18/02/2026;21:47;Genlis;8.3;93;0.3;4.75
18/02/2026;22:48;Genlis;8.3;96;1.41;6.16
18/02/2026;23:40;Varanges;7.5;96;0.71;0.1
18/02/2026;23:40;Genlis;7.7;95;0.61;0.1
19/02/2026;00:01;Varanges;7.3;96;0.1;0.1
19/02/2026;00:01;Genlis;7.4;96;0.1;0.1
19/02/2026;03:11;Varanges;7.2;96;0;0.1
19/02/2026;03:11;Genlis;7.3;94;0;0.2
19/02/2026;05:08;Varanges;7.4;94;0;0.1
19/02/2026;05:08;Genlis;7.4;93;0;0.2
19/02/2026;06:34;Varanges;7;94;0.1;0.2
19/02/2026;06:34;Genlis;7.1;94;0;0.2
19/02/2026;07:38;Varanges;6.5;94;0.51;0.71
19/02/2026;07:38;Genlis;6.7;95;0.3;0.51
19/02/2026;08:26;Varanges;6.5;95;0.71;1.31
19/02/2026;08:26;Genlis;6.6;96;0.51;0.91
19/02/2026;09:11;Varanges;6.4;95;0.71;1.92
19/02/2026;09:11;Genlis;6.4;96;0.71;1.41
19/02/2026;10:09;Varanges;7.2;96;0.2;2.12
19/02/2026;10:09;Genlis;7;96;0.2;1.52
19/02/2026;11:10;Varanges;8.2;97;0.2;2.32
19/02/2026;11:10;Genlis;7.8;96;0.1;1.62
19/02/2026;11:58;Varanges;8.5;96;0.71;3.03
19/02/2026;11:58;Genlis;8.3;96;0.51;2.12
19/02/2026;13:39;Varanges;10.2;95;0;3.03
19/02/2026;13:39;Genlis;10.2;92;0;2.12
19/02/2026;14:36;Varanges;9.2;95;0.3;3.33
19/02/2026;14:36;Genlis;9.2;94;0.3;2.42
19/02/2026;15:36;Varanges;7.3;96;5.25;8.59
19/02/2026;15:36;Genlis;7.1;96;5.45;7.88
19/02/2026;16:34;Varanges;7.1;96;0.61;9.19
19/02/2026;16:34;Genlis;6.8;96;0.91;8.79
19/02/2026;17:37;Varanges;6.2;96;0.2;9.6
19/02/2026;17:37;Genlis;6;96;0.2;9.09
19/02/2026;18:34;Varanges;6.2;96;0;9.6
19/02/2026;18:34;Genlis;6.1;97;0.1;9.19
19/02/2026;19:29;Varanges;5.9;96;0;9.6
19/02/2026;19:29;Genlis;5.8;96;0;9.19
19/02/2026;20:03;Varanges;6.3;97;0;9.6
19/02/2026;20:03;Genlis;6.1;96;0;9.19
19/02/2026;20:47;Varanges;6.1;97;0;9.6
19/02/2026;20:47;Genlis;6.3;97;0;9.19
19/02/2026;21:45;Varanges;6.4;97;0;9.6
19/02/2026;21:45;Genlis;6.4;96;0;9.19
19/02/2026;22:15;Varanges;5.9;97;0;9.6
19/02/2026;22:15;Genlis;6.2;96;0;9.19
19/02/2026;22:57;Varanges;6;98;0;9.6
19/02/2026;22:57;Genlis;6.2;97;0;9.19
19/02/2026;23:40;Varanges;6.9;98;0;0
19/02/2026;23:40;Genlis;6.5;97;0;0
20/02/2026;00:00;Varanges;7.3;98;0;0
20/02/2026;00:00;Genlis;6.9;97;0;0
20/02/2026;02:51;Varanges;7;96;0;0
20/02/2026;02:51;Genlis;7.2;95;0;0
20/02/2026;04:55;Varanges;6.8;96;0;0
20/02/2026;04:55;Genlis;6.9;94;0;0
20/02/2026;06:03;Varanges;6.1;96;0;0
20/02/2026;06:03;Genlis;6.3;95;0;0
20/02/2026;07:11;Varanges;6.1;96;0;0
20/02/2026;07:11;Genlis;6.3;96;0;0
20/02/2026;08:00;Varanges;6.5;96;0;0
20/02/2026;08:00;Genlis;6.7;95;0;0
20/02/2026;08:55;Varanges;7;95;0;0
20/02/2026;08:55;Genlis;7.1;92;0;0
20/02/2026;09:54;Genlis;7.9;88;0;0
20/02/2026;10:53;Varanges;8.3;92;0.1;0.1
20/02/2026;10:53;Genlis;8.8;86;0;0
20/02/2026;11:40;Varanges;9.1;88;0;0.1
20/02/2026;11:40;Genlis;9.5;79;0;0
20/02/2026;12:02;Varanges;8.7;87;0;0.1
20/02/2026;12:02;Genlis;8.9;79;0;0
20/02/2026;13:20;Varanges;8.4;87;0;0.1
20/02/2026;13:20;Genlis;8.5;82;0;0
20/02/2026;14:09;Varanges;9.6;84;0;0.1
20/02/2026;14:09;Genlis;9.5;77;0;0
20/02/2026;15:05;Varanges;9.5;82;0;0.1
20/02/2026;15:05;Genlis;9.2;79;0;0
20/02/2026;15:51;Varanges;9.5;82;0;0.1
20/02/2026;15:51;Genlis;9.3;78;0;0
20/02/2026;16:54;Varanges;7.8;87;0;0.1
20/02/2026;16:54;Genlis;8;83;0;0
20/02/2026;20:00;Varanges;6.8;91;0;0.1
20/02/2026;20:00;Genlis;6.8;91;0;0
20/02/2026;20:46;Varanges;6.7;92;0;0.1
20/02/2026;20:46;Genlis;6.8;91;0;0
20/02/2026;21:01;Varanges;6.6;92;0;0.1
20/02/2026;21:01;Genlis;6.8;91;0;0
20/02/2026;21:36;Varanges;6.5;92;0;0.1
20/02/2026;21:36;Genlis;6.6;93;0;0
20/02/2026;22:01;Varanges;6.7;92;0;0.1
20/02/2026;22:01;Genlis;6.7;93;0;0
20/02/2026;22:41;Varanges;6.9;93;0;0.1
20/02/2026;22:41;Genlis;6.8;94;0;0
20/02/2026;23:03;Varanges;6.9;93;0;0
20/02/2026;23:03;Genlis;6.9;94;0;0
20/02/2026;23:38;Varanges;7;93;0;0
20/02/2026;23:38;Genlis;6.9;94;0;0
20/02/2026;23:59;Varanges;7;93;0;0
20/02/2026;23:59;Genlis;7;94;0;0
21/02/2026;02:44;Varanges;7.1;93;0;0
21/02/2026;02:44;Genlis;7.2;93;0;0
21/02/2026;04:20;Varanges;7.2;94;0;0
21/02/2026;04:20;Genlis;7.1;95;0;0
21/02/2026;05:25;Varanges;7.3;95;0;0
21/02/2026;05:25;Genlis;7.1;96;0;0
21/02/2026;06:01;Varanges;7.3;95;0;0
21/02/2026;06:01;Genlis;7.2;96;0;0
21/02/2026;06:57;Varanges;7.2;95;0;0
21/02/2026;06:57;Genlis;7.3;96;0;0
21/02/2026;07:41;Varanges;7.5;96;0;0
21/02/2026;07:41;Genlis;7.4;96;0;0
21/02/2026;07:59;Varanges;7.7;96;0;0
21/02/2026;07:59;Genlis;7.7;96;0;0
21/02/2026;08:46;Varanges;8.1;96;0;0
21/02/2026;08:46;Genlis;8.2;96;0;0
21/02/2026;09:15;Varanges;8.7;96;0;0
21/02/2026;09:15;Genlis;8.7;96;0;0
21/02/2026;09:51;Varanges;9.4;96;0;0
21/02/2026;09:51;Genlis;9.3;96;0;0
21/02/2026;10:39;Varanges;9.9;95;0;0
21/02/2026;10:39;Genlis;10.1;94;0;0
21/02/2026;11:00;Varanges;11.1;96;0;0
21/02/2026;11:00;Genlis;11.1;95;0;0
21/02/2026;11:32;Varanges;12.8;92;0;0
21/02/2026;11:32;Genlis;12.8;85;0;0
21/02/2026;11:55;Varanges;12.8;91;0;0
21/02/2026;11:55;Genlis;13.1;85;0;0
21/02/2026;13:09;Varanges;14;90;0;0
21/02/2026;13:09;Genlis;13.5;85;0;0
21/02/2026;13:56;Varanges;14.6;84;0;0
21/02/2026;13:56;Genlis;13.9;78;0;0
21/02/2026;14:38;Varanges;14;82;0;0
21/02/2026;14:38;Genlis;14.5;75;0;0
21/02/2026;14:59;Varanges;14.3;83;0;0
21/02/2026;14:59;Genlis;15;76;0;0
21/02/2026;15:36;Varanges;14.4;82;0;0
21/02/2026;15:36;Genlis;14.6;75;0;0
21/02/2026;15:59;Varanges;14;80;0;0
21/02/2026;15:59;Genlis;14.5;75;0;0
21/02/2026;16:43;Varanges;12.3;84;0;0
21/02/2026;16:43;Genlis;13.2;79;0;0
21/02/2026;17:03;Varanges;12.2;85;0;0
21/02/2026;17:03;Genlis;12.8;81;0;0
21/02/2026;17:37;Varanges;11.5;87;0;0
21/02/2026;17:37;Genlis;12.1;83;0;0
21/02/2026;17:58;Genlis;11.9;84;0;0
21/02/2026;18:51;Varanges;10.9;89;0;0
21/02/2026;18:51;Genlis;11.3;88;0;0
21/02/2026;19:33;Varanges;10.6;90;0;0
21/02/2026;19:33;Genlis;10.8;90;0;0
21/02/2026;19:55;Varanges;10.3;91;0;0
21/02/2026;19:55;Genlis;10.4;92;0;0
21/02/2026;20:37;Varanges;10.2;91;0;0
21/02/2026;20:37;Genlis;10.2;93;0;0
21/02/2026;20:58;Varanges;10;92;0;0
21/02/2026;20:58;Genlis;10;93;0;0
21/02/2026;21:34;Varanges;10;93;0;0
21/02/2026;21:34;Genlis;10;94;0;0
21/02/2026;21:56;Varanges;10;93;0;0
21/02/2026;21:56;Genlis;9.9;94;0;0
21/02/2026;22:37;Varanges;9.9;93;0;0
21/02/2026;22:37;Genlis;10;94;0;0
21/02/2026;22:59;Varanges;9.9;93;0;0
21/02/2026;22:59;Genlis;10;94;0;0
21/02/2026;23:34;Varanges;9.8;94;0;0
21/02/2026;23:34;Genlis;10;94;0;0
21/02/2026;23:57;Varanges;9.4;94;0;0
21/02/2026;23:57;Genlis;9.6;94;0;0
22/02/2026;03:13;Varanges;9.1;96;0;0
22/02/2026;03:13;Genlis;9.3;96;0;0
22/02/2026;05:02;Varanges;9;96;0;0
22/02/2026;05:02;Genlis;9.3;95;0;0
22/02/2026;06:00;Varanges;9;96;0;0
22/02/2026;06:00;Genlis;9.3;95;0;0
22/02/2026;07:02;Varanges;9.2;95;0;0
22/02/2026;07:02;Genlis;9.4;95;0;0
22/02/2026;07:44;Varanges;9.5;95;0;0
22/02/2026;07:44;Genlis;9.7;95;0;0
22/02/2026;08:01;Varanges;9.7;95;0;0
22/02/2026;08:01;Genlis;9.8;95;0;0
22/02/2026;08:47;Varanges;10.5;95;0;0
22/02/2026;08:47;Genlis;10.7;91;0;0
22/02/2026;09:42;Varanges;11.8;92;0.3;0.3
22/02/2026;09:42;Genlis;11.9;87;0;0
22/02/2026;09:59;Varanges;17.5;82;0.61;0.61
22/02/2026;09:59;Genlis;12.1;86;0;0
22/02/2026;10:38;Varanges;13.5;81;0.61;0.61
22/02/2026;10:38;Genlis;12.1;85;0;0
22/02/2026;10:59;Genlis;12.5;84;0;0
22/02/2026;11:32;Genlis;13.2;81;0;0
22/02/2026;11:56;Varanges;13.6;83;0;0.61
22/02/2026;11:56;Genlis;13.8;79;0;0
22/02/2026;13:10;Varanges;14.9;79;0;0.61
22/02/2026;13:10;Genlis;14.7;76;0;0
22/02/2026;13:57;Varanges;14.7;79;0;0.61
22/02/2026;13:57;Genlis;14.7;77;0;0
22/02/2026;14:38;Varanges;14;81;0;0.61
22/02/2026;14:38;Genlis;14.2;78;0;0
22/02/2026;15:00;Varanges;13.8;81;0;0.61
22/02/2026;15:00;Genlis;13.6;79;0;0
22/02/2026;15:36;Varanges;12.9;83;0;0.61
22/02/2026;15:36;Genlis;12.9;81;0;0
22/02/2026;15:59;Varanges;12.5;84;0;0.61
22/02/2026;15:59;Genlis;12.5;82;0;0
22/02/2026;16:46;Varanges;11.5;88;0;0.61
22/02/2026;16:46;Genlis;11.6;85;0;0
22/02/2026;17:12;Varanges;11.2;88;0;0.61
22/02/2026;17:12;Genlis;11.4;87;0;0
22/02/2026;17:48;Varanges;11;89;0;0.61
22/02/2026;17:48;Genlis;11.2;87;0;0
22/02/2026;18:51;Varanges;10.8;90;0;0.61
22/02/2026;18:51;Genlis;11;88;0;0
22/02/2026;19:35;Varanges;10.5;90;0;0.61
22/02/2026;19:35;Genlis;10.8;88;0;0
22/02/2026;19:56;Varanges;10.3;90;0;0.61
22/02/2026;19:56;Genlis;10.5;88;0;0
22/02/2026;20:38;Varanges;10;91;0;0.61
22/02/2026;20:38;Genlis;10.2;90;0;0
22/02/2026;21:00;Varanges;9.8;92;0;0.61
22/02/2026;21:00;Genlis;10.1;91;0;0
22/02/2026;21:35;Varanges;9.7;93;0;0.61
22/02/2026;21:35;Genlis;10.1;91;0;0
22/02/2026;21:57;Varanges;9.7;93;0;0.61
22/02/2026;21:57;Genlis;10.1;91;0;0
22/02/2026;22:37;Varanges;9.6;93;0;0.61
22/02/2026;22:37;Genlis;10.1;91;0;0
22/02/2026;23:00;Varanges;9.5;94;0;0
22/02/2026;23:00;Genlis;9.9;92;0;0
22/02/2026;23:36;Varanges;9.5;94;0;0
22/02/2026;23:36;Genlis;9.8;93;0;0
22/02/2026;23:59;Varanges;9.5;94;0;0
22/02/2026;23:59;Genlis;9.7;93;0;0
23/02/2026;03:15;Varanges;9.1;94;0;0
23/02/2026;03:15;Genlis;9.1;95;0;0
23/02/2026;05:12;Varanges;8.6;95;0;0
23/02/2026;05:12;Genlis;8.6;96;0;0
23/02/2026;06:39;Varanges;8.5;96;0;0
23/02/2026;06:39;Genlis;8.7;96;0;0
23/02/2026;07:42;Varanges;9;96;0;0
23/02/2026;07:42;Genlis;9;96;0;0
23/02/2026;08:29;Varanges;9.5;96;0;0
23/02/2026;08:29;Genlis;9.5;96;0;0
23/02/2026;09:37;Varanges;10.3;95;0;0
23/02/2026;09:37;Genlis;10.8;94;0;0
23/02/2026;10:35;Varanges;11.5;92;0;0
23/02/2026;10:35;Genlis;11.8;91;0;0
23/02/2026;11:27;Varanges;11.6;91;0;0
23/02/2026;11:27;Genlis;11.8;89;0;0
23/02/2026;12:05;Varanges;11.6;93;0;0
23/02/2026;12:05;Genlis;11.5;92;0;0
23/02/2026;13:39;Varanges;13.1;92;0;0
23/02/2026;13:39;Genlis;12.5;91;0;0
23/02/2026;14:34;Varanges;12.4;90;0;0
23/02/2026;14:34;Genlis;12.3;92;0;0
23/02/2026;15:33;Varanges;11.6;93;0;0
23/02/2026;15:33;Genlis;11.8;93;0;0
23/02/2026;16:37;Varanges;11.9;93;0;0
23/02/2026;16:37;Genlis;11.9;93;0;0
23/02/2026;17:47;Varanges;11.4;94;0;0
23/02/2026;17:47;Genlis;11.5;94;0;0
23/02/2026;19:19;Genlis;10.2;95;0;0
23/02/2026;20:05;Varanges;8.8;96;0;0
23/02/2026;20:05;Genlis;9.3;96;0;0
23/02/2026;21:00;Genlis;8.2;95;0;0
24/02/2026;05:00;Varanges;9;99;0;0
24/02/2026;05:00;Genlis;9;96;0;0
24/02/2026;06:09;Varanges;8.7;99;0;0
24/02/2026;06:09;Genlis;8.4;96;0;0
24/02/2026;08:29;Varanges;10;100;0;0
24/02/2026;09:36;Varanges;11.8;100;0;0
24/02/2026;09:36;Genlis;11.5;95;0;0
24/02/2026;10:32;Genlis;16.8;93;0;0
24/02/2026;11:28;Varanges;17.2;80;0;0
24/02/2026;11:28;Genlis;20.7;63;0;0
24/02/2026;12:29;Varanges;16.8;75;0;0
24/02/2026;13:59;Varanges;17.3;75;0;0
24/02/2026;13:59;Genlis;15.3;76;0;0
24/02/2026;15:04;Varanges;17.5;74;0;0
24/02/2026;15:04;Genlis;15.6;78;0;0
24/02/2026;16:11;Varanges;17.1;74;0;0
24/02/2026;16:11;Genlis;16.5;72;0;0
24/02/2026;17:33;Varanges;13.5;82;0;0
24/02/2026;17:33;Genlis;13.2;80;0;0
24/02/2026;18:38;Varanges;10.7;89;0;0
24/02/2026;18:38;Genlis;11;87;0;0
24/02/2026;19:40;Varanges;9.3;93;0;0
24/02/2026;19:40;Genlis;9.9;89;0;0
24/02/2026;20:18;Varanges;9.4;94;0;0
24/02/2026;20:18;Genlis;9.5;90;0;0
24/02/2026;21:01;Varanges;9.3;94;0;0
24/02/2026;21:01;Genlis;8.8;90;0;0
24/02/2026;21:48;Varanges;8.9;95;0;0
24/02/2026;21:48;Genlis;8.6;91;0;0
24/02/2026;22:48;Varanges;8.2;95;0;0
24/02/2026;22:48;Genlis;8.1;91;0;0
24/02/2026;23:43;Varanges;7.8;97;0;0
24/02/2026;23:43;Genlis;7.4;92;0;0
25/02/2026;00:03;Varanges;7.5;96;0;0
25/02/2026;00:03;Genlis;7.2;92;0;0
25/02/2026;03:12;Varanges;5.5;97;0;0
25/02/2026;03:12;Genlis;5.5;92;0;0
25/02/2026;05:09;Varanges;4.6;98;0;0
25/02/2026;05:09;Genlis;4.6;94;0;0
25/02/2026;06:37;Varanges;6.1;98;0;0
25/02/2026;06:37;Genlis;6.2;94;0;0
25/02/2026;07:40;Varanges;6.4;99;0.1;0.1
25/02/2026;07:40;Genlis;6.6;95;0.1;0.1
25/02/2026;08:31;Varanges;6.5;99;0;0.1
25/02/2026;08:31;Genlis;6.8;95;0;0.1
25/02/2026;09:37;Varanges;7.3;99;0;0.1
25/02/2026;09:37;Genlis;8.5;95;0;0.1
25/02/2026;10:35;Varanges;8.5;99;0;0.1
25/02/2026;10:35;Genlis;9.9;94;0;0.1
25/02/2026;11:28;Varanges;9.5;99;0;0.1
25/02/2026;11:28;Genlis;13.1;94;0;0.1
25/02/2026;12:29;Varanges;13.5;98;0;0.1
25/02/2026;13:58;Varanges;17;82;0;0.1
25/02/2026;13:58;Genlis;15;85;0;0.1
25/02/2026;15:04;Varanges;18;78;0;0.1
25/02/2026;15:04;Genlis;16.5;83;0;0.1
25/02/2026;16:17;Varanges;18.5;76;0;0.1
25/02/2026;16:17;Genlis;16.9;78;0;0.1
25/02/2026;17:32;Varanges;14.1;85;0;0.1
25/02/2026;17:32;Genlis;12.7;86;0;0.1
25/02/2026;18:41;Varanges;10.8;91;0;0.1
25/02/2026;18:41;Genlis;10.2;90;0;0.1
25/02/2026;19:40;Varanges;9;93;0;0.1
25/02/2026;19:40;Genlis;8.7;92;0;0.1
25/02/2026;20:19;Varanges;8.2;95;0;0.1
25/02/2026;20:19;Genlis;8.2;92;0;0.1
25/02/2026;20:59;Genlis;7.6;92;0;0.1
25/02/2026;21:46;Genlis;7.3;93;0;0.1
25/02/2026;22:58;Varanges;8.1;97;0;0.1
25/02/2026;22:58;Genlis;8.1;94;0;0.1
25/02/2026;23:39;Varanges;7.7;97;0;0
25/02/2026;23:39;Genlis;7.5;93;0;0
26/02/2026;00:01;Varanges;7.3;96;0;0
26/02/2026;00:01;Genlis;7.2;93;0;0
26/02/2026;04:59;Varanges;5.5;98;0;0
26/02/2026;06:07;Varanges;5.3;98;0.1;0.1
26/02/2026;06:07;Genlis;4.9;94;0;0
26/02/2026;07:31;Varanges;5.7;99;0;0.1
26/02/2026;07:31;Genlis;5.9;95;0;0
26/02/2026;08:28;Varanges;9;100;0;0.1
26/02/2026;08:28;Genlis;8.6;95;0;0
26/02/2026;09:34;Varanges;12.2;97;0;0.1
26/02/2026;09:34;Genlis;13.1;94;0;0
26/02/2026;10:31;Varanges;15.5;84;0;0.1
26/02/2026;10:31;Genlis;16;83;0;0
26/02/2026;11:27;Varanges;17.6;77;0;0.1
26/02/2026;11:27;Genlis;18.5;71;0;0
26/02/2026;12:29;Varanges;19;71;0;0.1
26/02/2026;12:29;Genlis;19.5;65;0;0
26/02/2026;13:58;Varanges;19.3;68;0;0.1
26/02/2026;13:58;Genlis;17.6;71;0;0
26/02/2026;15:00;Varanges;19;69;0;0.1
26/02/2026;15:00;Genlis;17.7;72;0;0
26/02/2026;16:02;Varanges;18.1;72;0;0.1
26/02/2026;16:02;Genlis;17.4;73;0;0
26/02/2026;17:12;Varanges;14.7;79;0;0.1
26/02/2026;17:12;Genlis;14.1;82;0;0
26/02/2026;18:07;Varanges;11.9;86;0;0.1
26/02/2026;20:02;Varanges;8.4;92;0;0.1
26/02/2026;20:02;Genlis;8.2;91;0;0
26/02/2026;22:02;Varanges;7;94;0;0.1
26/02/2026;22:49;Varanges;6.5;95;0;0.1
26/02/2026;23:40;Varanges;6.9;97;0;0
27/02/2026;02:49;Varanges;5.2;96;0;0
27/02/2026;04:53;Genlis;5.3;94;0;0
27/02/2026;06:01;Varanges;4.5;97;0;0
27/02/2026;06:01;Genlis;5.5;94;0;0
27/02/2026;08:56;Varanges;10.7;98;0;0
27/02/2026;08:56;Genlis;11.2;94;0;0
27/02/2026;09:56;Varanges;13.5;81;0;0
27/02/2026;09:56;Genlis;14.8;78;0;0
27/02/2026;10:54;Varanges;15.9;72;0;0
27/02/2026;10:54;Genlis;16.7;68;0;0
27/02/2026;11:41;Varanges;17.7;65;0;0
27/02/2026;11:41;Genlis;18.4;63;0;0
27/02/2026;12:01;Varanges;18;65;0;0
27/02/2026;12:01;Genlis;18.6;60;0;0
27/02/2026;13:20;Varanges;18.8;64;0;0
27/02/2026;13:20;Genlis;17.5;67;0;0
27/02/2026;14:08;Varanges;18.8;65;0;0
27/02/2026;14:08;Genlis;17.6;65;0;0
27/02/2026;15:03;Varanges;18.9;66;0;0
27/02/2026;15:03;Genlis;17.9;67;0;0
27/02/2026;15:49;Varanges;18.4;68;0;0
27/02/2026;15:49;Genlis;17.4;67;0;0
27/02/2026;16:53;Varanges;16.1;71;0;0
27/02/2026;16:53;Genlis;15.2;72;0;0
27/02/2026;17:49;Varanges;12.6;79;0;0
27/02/2026;17:49;Genlis;12.9;77;0;0
27/02/2026;20:01;Genlis;9.6;86;0;0
27/02/2026;20:39;Genlis;8.5;87;0;0
27/02/2026;22:59;Varanges;9.1;90;0;0
27/02/2026;23:34;Varanges;8.1;91;0;0
28/02/2026;02:37;Varanges;7.6;94;0;0
28/02/2026;05:07;Genlis;9.3;92;0;0
28/02/2026;05:48;Genlis;9.1;91;0;0
28/02/2026;06:54;Genlis;8.9;92;0;0
28/02/2026;07:36;Genlis;9.1;93;0;0
28/02/2026;07:56;Varanges;8.9;95;0;0
28/02/2026;07:56;Genlis;9.3;93;0;0
28/02/2026;08:41;Varanges;9;95;0.3;0.3
28/02/2026;08:41;Genlis;9.1;93;0.3;0.3
28/02/2026;09:00;Genlis;8.9;93;0.91;0.91
28/02/2026;09:37;Genlis;8.8;94;1.01;1.31
28/02/2026;09:56;Varanges;9;96;0.3;1.21
28/02/2026;09:56;Genlis;9;94;0.61;1.52
28/02/2026;10:36;Varanges;8.9;96;0.51;1.62
28/02/2026;10:36;Genlis;8.8;94;0.91;2.22
28/02/2026;10:56;Varanges;9;96;0.4;1.62
28/02/2026;10:56;Genlis;8.9;94;0.71;2.22
28/02/2026;11:28;Varanges;9.2;96;0;1.62
28/02/2026;11:28;Genlis;9.2;95;0.1;2.22
28/02/2026;11:53;Varanges;9.4;96;0;1.62
28/02/2026;11:53;Genlis;9.4;94;0;2.22
28/02/2026;13:04;Varanges;10.1;94;0;1.62
28/02/2026;13:04;Genlis;10.1;93;0;2.22
28/02/2026;13:45;Varanges;10.5;93;0;1.62
28/02/2026;13:45;Genlis;10.6;93;0;2.22
28/02/2026;13:59;Varanges;11;93;0;1.62
28/02/2026;13:59;Genlis;11;93;0;2.22
28/02/2026;14:34;Varanges;11.8;90;0;1.62
28/02/2026;14:34;Genlis;11.4;90;0;2.22
28/02/2026;14:56;Varanges;12.2;89;0;1.62
28/02/2026;14:56;Genlis;11.6;89;0;2.22
28/02/2026;15:33;Varanges;11.7;86;0;1.62
28/02/2026;15:33;Genlis;11.9;86;0;2.22
28/02/2026;15:55;Varanges;11.5;87;0;1.62
28/02/2026;15:55;Genlis;12.1;85;0;2.22
28/02/2026;16:38;Varanges;10.5;87;0;1.62
28/02/2026;16:38;Genlis;10.4;88;0;2.22
28/02/2026;16:58;Varanges;9.8;88;0;1.62
28/02/2026;16:58;Genlis;10;89;0;2.22
28/02/2026;17:31;Varanges;9;90;0;1.62
28/02/2026;17:31;Genlis;9.1;89;0;2.22
28/02/2026;19:29;Varanges;6.9;94;0;1.62
28/02/2026;19:54;Varanges;6.4;94;0;1.62
28/02/2026;20:36;Varanges;5.3;94;0;1.62
28/02/2026;20:36;Genlis;5.1;93;0;2.22
28/02/2026;20:57;Varanges;4.9;95;0;1.62
28/02/2026;21:31;Varanges;5;96;0;1.62
28/02/2026;21:54;Varanges;4.8;96;0;1.62
28/02/2026;22:35;Varanges;4.5;96;0;1.62
28/02/2026;22:56;Varanges;4;96;0;1.62
28/02/2026;23:32;Varanges;3.8;97;0;0
01/03/2026;03:20;Varanges;3.4;98;0;0
01/03/2026;03:20;Genlis;3.3;96;0;0
01/03/2026;05:05;Varanges;3.8;98;0;0
01/03/2026;05:05;Genlis;4.1;96;0;0.1
01/03/2026;06:02;Varanges;4.1;98;0.1;0.1
01/03/2026;06:02;Genlis;4.3;96;0;0.1
01/03/2026;07:00;Varanges;3.9;98;0;0.1
01/03/2026;07:00;Genlis;4.5;96;0;0.1
01/03/2026;07:40;Varanges;4.1;98;0;0.1
01/03/2026;07:40;Genlis;4.7;96;0;0.1
01/03/2026;07:58;Varanges;4.2;98;0;0.1
01/03/2026;07:58;Genlis;4.7;96;0;0.1
01/03/2026;08:45;Varanges;4.3;98;0;0.1
01/03/2026;08:45;Genlis;4.8;96;0.1;0.2
01/03/2026;09:02;Varanges;4.4;98;0;0.1
01/03/2026;09:02;Genlis;5;96;0.1;0.2
01/03/2026;09:41;Varanges;5.1;99;0;0.1
01/03/2026;09:41;Genlis;6.2;95;0;0.2
01/03/2026;09:58;Varanges;5.5;99;0;0.1
01/03/2026;09:58;Genlis;6.4;95;0;0.2
01/03/2026;10:38;Varanges;6.5;99;0;0.1
01/03/2026;10:38;Genlis;7.7;95;0;0.2
01/03/2026;10:59;Varanges;6.8;99;0;0.1
01/03/2026;10:59;Genlis;8.3;94;0;0.2
01/03/2026;11:30;Varanges;7.3;99;0;0.1
01/03/2026;11:30;Genlis;8.5;94;0;0.2
01/03/2026;11:54;Varanges;7.5;98;0;0.1
01/03/2026;11:54;Genlis;9.2;94;0;0.2
01/03/2026;13:07;Varanges;10.3;97;0;0.1
01/03/2026;13:07;Genlis;11;90;0;0.2
01/03/2026;13:53;Varanges;12.2;92;0;0.1
01/03/2026;13:53;Genlis;11.2;88;0;0.2
01/03/2026;14:36;Varanges;13.7;86;0;0.1
01/03/2026;14:36;Genlis;11.8;84;0;0.2
01/03/2026;14:57;Varanges;14;81;0;0.1
01/03/2026;14:57;Genlis;12.4;79;0;0.2
01/03/2026;15:34;Varanges;14.4;68;0;0.1
01/03/2026;15:34;Genlis;14;71;0;0.2
01/03/2026;15:56;Varanges;14.6;67;0;0.1
01/03/2026;15:56;Genlis;13.6;66;0;0.2
01/03/2026;16:41;Varanges;14.6;66;0;0.1
01/03/2026;16:41;Genlis;11.6;72;0;0.2
01/03/2026;17:00;Varanges;13.1;68;0;0.1
01/03/2026;17:00;Genlis;11;75;0;0.2
01/03/2026;17:33;Varanges;10.2;75;0;0.1
01/03/2026;17:33;Genlis;8;79;0;0.2
01/03/2026;17:56;Varanges;8.9;78;0;0.1
01/03/2026;17:56;Genlis;6.7;82;0;0.2
01/03/2026;18:49;Varanges;6.4;85;0;0.1
01/03/2026;18:49;Genlis;4.9;89;0;0.2
01/03/2026;20:38;Varanges;3.8;90;0;0.1
01/03/2026;20:38;Genlis;2.8;92;0;0.2
01/03/2026;20:58;Varanges;3.7;91;0;0.1
01/03/2026;20:58;Genlis;2.9;93;0;0.2
01/03/2026;21:33;Varanges;3.1;93;0;0.1
01/03/2026;21:33;Genlis;2.6;93;0;0.2
01/03/2026;21:55;Varanges;2.7;93;0;0.1
01/03/2026;21:55;Genlis;2.5;93;0;0.2
01/03/2026;22:36;Varanges;2.2;94;0;0.1
01/03/2026;22:36;Genlis;2.3;94;0;0.2
01/03/2026;22:58;Varanges;1.8;94;0;0.1
01/03/2026;22:58;Genlis;2.3;94;0;0.2
01/03/2026;23:34;Varanges;1.4;95;0;0
01/03/2026;23:34;Genlis;2.3;94;0;0
01/03/2026;23:57;Varanges;1.2;95;0;0
01/03/2026;23:57;Genlis;2.1;94;0;0
02/03/2026;02:51;Varanges;0.4;96;0;0
02/03/2026;02:51;Genlis;0.2;94;0;0
02/03/2026;04:57;Varanges;-0.5;97;0;0
02/03/2026;04:57;Genlis;0.1;95;0;0
02/03/2026;06:02;Varanges;-0.6;97;0;0
02/03/2026;06:02;Genlis;-0.2;95;0;0
02/03/2026;07:12;Varanges;-0.7;97;0;0
02/03/2026;07:12;Genlis;-0.2;95;0;0
02/03/2026;08:00;Varanges;2.3;99;0;0
02/03/2026;08:00;Genlis;1.1;95;0;0
02/03/2026;08:58;Varanges;5.7;99;0;0
02/03/2026;08:58;Genlis;5.4;95;0;0
02/03/2026;10:03;Varanges;10.1;94;0;0
02/03/2026;10:58;Varanges;14.1;83;0;0
02/03/2026;10:58;Genlis;15;82;0;0
02/03/2026;11:37;Varanges;16.2;74;0;0
02/03/2026;11:37;Genlis;16.6;70;0;0
02/03/2026;12:00;Varanges;16.9;73;0;0
02/03/2026;12:00;Genlis;18;67;0;0
02/03/2026;13:21;Varanges;17.3;59;0;0
02/03/2026;13:21;Genlis;16.4;59;0;0
02/03/2026;14:11;Varanges;17.3;56;0;0
02/03/2026;14:11;Genlis;16.3;58;0;0
02/03/2026;15:04;Varanges;17;57;0;0
02/03/2026;15:04;Genlis;17;56;0;0
02/03/2026;15:54;Varanges;16.7;57;0;0
02/03/2026;15:54;Genlis;16.2;57;0;0
02/03/2026;17:02;Varanges;14.1;65;0;0
02/03/2026;17:02;Genlis;13.2;66;0;0
02/03/2026;17:55;Varanges;12.1;68;0;0
02/03/2026;17:55;Genlis;10.7;72;0;0
02/03/2026;19:02;Varanges;10.4;74;0;0
02/03/2026;19:02;Genlis;8.7;78;0;0
02/03/2026;19:50;Varanges;9;78;0;0
02/03/2026;19:50;Genlis;7.1;79;0;0
02/03/2026;20:49;Varanges;7.4;81;0;0
02/03/2026;21:47;Varanges;5.7;87;0;0
02/03/2026;22:14;Varanges;4.9;87;0;0
02/03/2026;22:14;Genlis;4.3;90;0;0
02/03/2026;22:52;Varanges;4.5;90;0;0
02/03/2026;22:52;Genlis;4.1;90;0;0
02/03/2026;23:37;Varanges;3.9;90;0;0
02/03/2026;23:37;Genlis;3.8;91;0;0
03/03/2026;00:01;Varanges;3.7;91;0;0
03/03/2026;00:01;Genlis;3.7;91;0;0
03/03/2026;02:54;Varanges;2.3;95;0;0
03/03/2026;02:54;Genlis;2.5;93;0;0
03/03/2026;04:55;Varanges;2.4;96;0;0
03/03/2026;04:55;Genlis;2.6;93;0;0
03/03/2026;06:00;Varanges;2;96;0;0
03/03/2026;06:00;Genlis;2.4;93;0;0
03/03/2026;07:06;Varanges;2.5;97;0;0
03/03/2026;07:06;Genlis;2.6;94;0;0
03/03/2026;07:52;Varanges;4;97;0;0
03/03/2026;07:52;Genlis;3.2;94;0;0
03/03/2026;08:56;Varanges;8.2;96;0;0
03/03/2026;08:56;Genlis;7.8;94;0;0
03/03/2026;09:57;Varanges;12;87;0;0
03/03/2026;09:57;Genlis;14.8;88;0;0
03/03/2026;10:55;Varanges;15.9;74;0;0
03/03/2026;11:43;Varanges;18.3;66;0;0
03/03/2026;12:02;Varanges;18.3;65;0;0
03/03/2026;13:20;Varanges;18.7;57;0;0
03/03/2026;14:09;Varanges;18.3;57;0;0
03/03/2026;14:09;Genlis;17.3;57;0;0
03/03/2026;15:10;Varanges;18;59;0;0
03/03/2026;15:10;Genlis;18.5;55;0;0
03/03/2026;16:05;Varanges;17.9;59;0;0
03/03/2026;16:05;Genlis;17.5;55;0;0
03/03/2026;17:03;Varanges;15.9;65;0;0
03/03/2026;17:03;Genlis;15.1;61;0;0
03/03/2026;17:55;Varanges;12.2;74;0;0
03/03/2026;17:55;Genlis;12;72;0;0
03/03/2026;19:49;Genlis;9.3;83;0;0
03/03/2026;20:46;Varanges;8.5;85;0;0
03/03/2026;20:46;Genlis;8.3;86;0;0
03/03/2026;21:19;Varanges;7.9;86;0;0
03/03/2026;21:19;Genlis;7.8;86;0;0
03/03/2026;21:53;Varanges;7.4;87;0;0
03/03/2026;21:53;Genlis;6.9;87;0;0
03/03/2026;22:44;Varanges;6.1;89;0;0
03/03/2026;22:44;Genlis;5.4;89;0;0
03/03/2026;23:00;Varanges;5.5;89;0;0
03/03/2026;23:00;Genlis;5.3;90;0;0
03/03/2026;23:37;Varanges;5.5;91;0;0
03/03/2026;23:37;Genlis;4.7;91;0;0
03/03/2026;23:59;Varanges;5.4;90;0;0
03/03/2026;23:59;Genlis;4.7;91;0;0
04/03/2026;02:47;Varanges;4.2;91;0;0
04/03/2026;04:48;Varanges;2.6;93;0;0
04/03/2026;04:48;Genlis;3;92;0;0
04/03/2026;05:55;Varanges;2.4;95;0;0
04/03/2026;05:55;Genlis;2.3;93;0;0
04/03/2026;07:02;Varanges;2.4;95;0;0
04/03/2026;07:02;Genlis;2.2;93;0;0
04/03/2026;07:47;Varanges;4.4;97;0;0
04/03/2026;07:47;Genlis;3.3;94;0;0
04/03/2026;08:54;Varanges;8.5;92;0;0
04/03/2026;08:54;Genlis;7.5;94;0;0
04/03/2026;09:54;Varanges;11.9;79;0;0
04/03/2026;09:54;Genlis;13.4;85;0;0
04/03/2026;10:52;Varanges;14.8;69;0;0
04/03/2026;11:39;Varanges;16.5;64;0;0
04/03/2026;12:00;Varanges;17.3;61;0;0
04/03/2026;13:19;Varanges;18.3;58;0;0
04/03/2026;14:08;Varanges;18.2;57;0;0
04/03/2026;14:08;Genlis;17.7;54;0;0
04/03/2026;15:02;Varanges;18.4;58;0;0
04/03/2026;15:02;Genlis;18.7;52;0;0
04/03/2026;15:55;Varanges;18.8;58;0;0
04/03/2026;15:55;Genlis;18.6;54;0;0
04/03/2026;16:59;Varanges;17.1;65;0;0
04/03/2026;16:59;Genlis;16;63;0;0
04/03/2026;17:53;Varanges;13.2;72;0;0
04/03/2026;17:53;Genlis;11.4;72;0;0
04/03/2026;19:03;Varanges;9.2;82;0;0
04/03/2026;19:03;Genlis;8.7;83;0;0
04/03/2026;19:48;Varanges;7.9;86;0;0
04/03/2026;19:48;Genlis;7.8;86;0;0
04/03/2026;20:45;Varanges;7;88;0;0
04/03/2026;20:45;Genlis;6.8;88;0;0
04/03/2026;21:18;Varanges;6.8;88;0;0
04/03/2026;21:18;Genlis;6.2;89;0;0
04/03/2026;23:16;Varanges;5.5;90;0;0
04/03/2026;23:16;Genlis;5.3;91;0;0
04/03/2026;23:50;Varanges;5.2;90;0;0
04/03/2026;23:50;Genlis;4.9;92;0;0
05/03/2026;02:50;Varanges;3.2;94;0;0
05/03/2026;02:50;Genlis;3.1;92;0;0
05/03/2026;04:53;Varanges;2.7;94;0;0
05/03/2026;04:53;Genlis;2.6;93;0;0
05/03/2026;05:58;Varanges;2.3;95;0;0
05/03/2026;05:58;Genlis;2.3;93;0;0
05/03/2026;07:06;Varanges;2.6;96;0;0
05/03/2026;07:06;Genlis;2.4;94;0;0
05/03/2026;07:52;Varanges;4.2;96;0;0
05/03/2026;07:52;Genlis;3.5;94;0;0
05/03/2026;08:57;Varanges;8;91;0;0
05/03/2026;08:57;Genlis;7.5;94;0;0
05/03/2026;09:58;Varanges;9.9;85;0;0
05/03/2026;09:58;Genlis;10.4;92;0;0
05/03/2026;10:56;Varanges;14.8;72;0;0
05/03/2026;10:56;Genlis;16.2;71;0;0
05/03/2026;11:44;Varanges;15.6;68;0;0
05/03/2026;11:44;Genlis;18.8;56;0;0
05/03/2026;12:03;Varanges;15.9;68;0;0
05/03/2026;13:23;Varanges;18.2;64;0;0
05/03/2026;14:10;Varanges;18.2;57;0;0
05/03/2026;14:10;Genlis;18.7;53;0;0
05/03/2026;15:10;Varanges;18.8;60;0;0
05/03/2026;15:10;Genlis;19.5;56;0;0
05/03/2026;16:07;Varanges;17.9;64;0;0
05/03/2026;16:07;Genlis;18;60;0;0
05/03/2026;18:24;Genlis;10.9;80;0;0
05/03/2026;20:23;Varanges;8.8;88;0;0
05/03/2026;20:23;Genlis;8.6;88;0;0
06/03/2026;00:01;Varanges;7.1;93;0;0
06/03/2026;00:01;Genlis;6.8;93;0;0
06/03/2026;02:47;Varanges;6.2;95;0;0
06/03/2026;02:47;Genlis;6.2;93;0;0
06/03/2026;04:49;Varanges;5.6;95;0;0
06/03/2026;04:49;Genlis;5.3;93;0;0
06/03/2026;07:04;Varanges;5.5;96;0;0
06/03/2026;07:04;Genlis;5.4;94;0;0
06/03/2026;07:49;Varanges;6.5;97;0;0
06/03/2026;07:49;Genlis;6.1;95;0;0
06/03/2026;08:53;Varanges;9.2;94;0;0
06/03/2026;08:53;Genlis;8.6;94;0;0
06/03/2026;09:52;Varanges;12.2;87;0;0
06/03/2026;09:52;Genlis;13.5;90;0;0
06/03/2026;10:51;Varanges;15.2;77;0;0
06/03/2026;10:51;Genlis;17.1;70;0;0
06/03/2026;11:38;Varanges;17.9;69;0;0
06/03/2026;11:38;Genlis;20.7;59;0;0
06/03/2026;12:00;Varanges;18.6;67;0;0
06/03/2026;13:18;Varanges;19.6;60;0;0
06/03/2026;14:04;Varanges;19.2;60;0;0
06/03/2026;14:54;Varanges;18.9;63;0;0
06/03/2026;14:54;Genlis;20;56;0;0
06/03/2026;15:50;Varanges;18;65;0;0
06/03/2026;15:50;Genlis;19;57;0;0
06/03/2026;16:55;Varanges;16.4;71;0;0
06/03/2026;16:55;Genlis;16.4;66;0;0
06/03/2026;17:49;Varanges;13.6;78;0;0
06/03/2026;17:49;Genlis;13.6;71;0;0
06/03/2026;19:00;Varanges;11;84;0;0
06/03/2026;19:00;Genlis;10.8;84;0;0
06/03/2026;19:42;Varanges;9.5;88;0;0
06/03/2026;19:42;Genlis;10.1;87;0;0
06/03/2026;20:01;Varanges;8.8;89;0;0
06/03/2026;20:01;Genlis;9.7;87;0;0
06/03/2026;20:46;Varanges;9.3;90;0;0
06/03/2026;20:46;Genlis;9.7;89;0;0
06/03/2026;21:15;Varanges;9.7;89;0;0
06/03/2026;21:15;Genlis;9.3;87;0;0
06/03/2026;21:49;Varanges;9.2;88;0;0
06/03/2026;21:49;Genlis;8.9;89;0;0
06/03/2026;22:43;Varanges;8.5;89;0;0
06/03/2026;23:02;Varanges;8.9;90;0;0
06/03/2026;23:37;Varanges;8.5;88;0;0
06/03/2026;23:59;Varanges;8;89;0;0
06/03/2026;23:59;Genlis;8.2;90;0;0
07/03/2026;02:41;Varanges;5.8;92;0;0
07/03/2026;02:41;Genlis;6.4;92;0;0
07/03/2026;04:14;Varanges;4.9;94;0;0
07/03/2026;04:14;Genlis;5.3;92;0;0
07/03/2026;05:12;Varanges;4.3;93;0;0
07/03/2026;05:12;Genlis;4.9;93;0;0
07/03/2026;05:56;Varanges;3.9;94;0;0
07/03/2026;05:56;Genlis;4.5;93;0;0
07/03/2026;06:56;Varanges;4.2;96;0;0
07/03/2026;06:56;Genlis;3.8;93;0;0
07/03/2026;07:37;Varanges;5.5;97;0;0
07/03/2026;07:37;Genlis;4.8;95;0;0
07/03/2026;07:57;Varanges;6.6;97;0;0
07/03/2026;07:57;Genlis;5.6;94;0;0
07/03/2026;09:14;Varanges;11.1;89;0;0
07/03/2026;09:14;Genlis;10.7;93;0;0
07/03/2026;09:48;Varanges;12.9;85;0;0
07/03/2026;09:48;Genlis;13.7;87;0;0
07/03/2026;10:36;Varanges;14.8;79;0;0
07/03/2026;10:36;Genlis;17.7;67;0;0
07/03/2026;10:58;Varanges;15.4;75;0;0
07/03/2026;10:58;Genlis;18.2;61;0;0
07/03/2026;11:30;Varanges;16.5;73;0;0
07/03/2026;13:06;Varanges;18.5;65;0;0
07/03/2026;13:47;Varanges;18.5;65;0;0
07/03/2026;14:36;Varanges;18.3;61;0;0
07/03/2026;14:36;Genlis;18.9;60;0;0
07/03/2026;14:58;Varanges;18.5;62;0;0
07/03/2026;14:58;Genlis;19.3;58;0;0
07/03/2026;15:33;Varanges;18.1;60;0;0
07/03/2026;15:33;Genlis;18.5;57;0;0
07/03/2026;15:57;Varanges;17.6;60;0;0
07/03/2026;15:57;Genlis;17.9;58;0;0
07/03/2026;16:39;Varanges;17.2;66;0;0
07/03/2026;16:39;Genlis;16.4;64;0;0
07/03/2026;16:59;Varanges;16.2;67;0;0
07/03/2026;16:59;Genlis;15.5;68;0;0
07/03/2026;17:33;Varanges;14.2;72;0;0
07/03/2026;17:33;Genlis;13.6;69;0;0
07/03/2026;17:56;Varanges;13;75;0;0
07/03/2026;17:56;Genlis;11.5;74;0;0
07/03/2026;18:48;Varanges;10.5;82;0;0
07/03/2026;18:48;Genlis;9.5;82;0;0
07/03/2026;19:30;Varanges;9.8;85;0;0
07/03/2026;19:30;Genlis;8.7;86;0;0
07/03/2026;19:54;Varanges;9.3;86;0;0
07/03/2026;19:54;Genlis;8.3;86;0;0
07/03/2026;20:36;Varanges;8.2;88;0;0
07/03/2026;20:36;Genlis;7.5;89;0;0
07/03/2026;20:58;Varanges;7.5;89;0;0
07/03/2026;20:58;Genlis;7.2;89;0;0
07/03/2026;21:31;Varanges;6.9;90;0;0
07/03/2026;21:31;Genlis;6.8;91;0;0
07/03/2026;21:54;Varanges;6.6;91;0;0
07/03/2026;21:54;Genlis;6.8;91;0;0
07/03/2026;22:35;Varanges;6;92;0;0
08/03/2026;05:54;Varanges;2.3;96;0;0
08/03/2026;05:54;Genlis;2.2;94;0;0
08/03/2026;07:57;Varanges;5.2;98;0;0
08/03/2026;08:46;Varanges;8.2;99;0;0
08/03/2026;09:14;Varanges;10;98;0;0
08/03/2026;09:14;Genlis;9.6;94;0;0
08/03/2026;09:50;Varanges;11.7;93;0;0
08/03/2026;09:50;Genlis;13.4;93;0;0
08/03/2026;10:38;Varanges;14.1;87;0;0
08/03/2026;10:38;Genlis;17;72;0;0
08/03/2026;10:58;Varanges;15.8;81;0;0
08/03/2026;10:58;Genlis;18.9;68;0;0
08/03/2026;11:31;Varanges;18.1;68;0;0
08/03/2026;11:31;Genlis;21;54;0;0
08/03/2026;11:55;Varanges;19;64;0;0
08/03/2026;13:08;Varanges;20;58;0;0
08/03/2026;13:54;Varanges;20.1;55;0;0
08/03/2026;13:54;Genlis;20.6;49;0;0
08/03/2026;14:36;Varanges;20.1;55;0;0
08/03/2026;14:36;Genlis;20.5;50;0;0
08/03/2026;14:58;Varanges;19.9;57;0;0
08/03/2026;14:58;Genlis;21.6;48;0;0
08/03/2026;15:35;Varanges;19.7;57;0;0
08/03/2026;15:35;Genlis;20.9;50;0;0
08/03/2026;15:57;Varanges;19.6;58;0;0
08/03/2026;15:57;Genlis;20.1;52;0;0
08/03/2026;16:42;Varanges;18.2;59;0;0
08/03/2026;16:42;Genlis;17.4;62;0;0
08/03/2026;17:01;Varanges;17.2;62;0;0
08/03/2026;17:01;Genlis;16.2;64;0;0
08/03/2026;17:34;Varanges;15.1;66;0;0
08/03/2026;17:34;Genlis;14.3;65;0;0
08/03/2026;17:57;Varanges;14;70;0;0
08/03/2026;20:59;Varanges;7.8;87;0;0
08/03/2026;20:59;Genlis;7.2;87;0;0
08/03/2026;21:34;Varanges;6.5;89;0;0
08/03/2026;21:34;Genlis;6.5;89;0;0
08/03/2026;21:56;Varanges;6.5;91;0;0
08/03/2026;21:56;Genlis;6.3;89;0;0
08/03/2026;22:36;Varanges;5.9;91;0;0
08/03/2026;22:36;Genlis;6.1;90;0;0
08/03/2026;23:57;Varanges;4.7;93;0;0
08/03/2026;23:57;Genlis;4.9;90;0;0
09/03/2026;03:12;Varanges;3.5;95;0;0
09/03/2026;03:12;Genlis;3.2;91;0;0
09/03/2026;05:07;Varanges;2.2;95;0;0
09/03/2026;05:07;Genlis;2.2;92;0;0
09/03/2026;06:14;Varanges;2;96;0;0
09/03/2026;07:32;Varanges;3.7;98;0;0
09/03/2026;07:32;Genlis;3.3;93;0;0
09/03/2026;08:27;Varanges;6.7;98;0;0
09/03/2026;08:27;Genlis;5.7;94;0;0
09/03/2026;09:09;Varanges;9.5;97;0;0
09/03/2026;09:09;Genlis;8.9;94;0;0
09/03/2026;10:10;Varanges;13.1;88;0;0
09/03/2026;10:10;Genlis;15.3;89;0;0
09/03/2026;11:07;Varanges;16.9;74;0;0
09/03/2026;11:07;Genlis;20.3;62;0;0
09/03/2026;11:48;Varanges;18.8;67;0;0
09/03/2026;11:48;Genlis;22.9;53;0;0
09/03/2026;13:36;Varanges;19.9;59;0;0
09/03/2026;14:36;Varanges;19.5;53;0;0
09/03/2026;15:41;Varanges;19.3;56;0;0
09/03/2026;15:41;Genlis;21.1;47;0;0
09/03/2026;16:40;Varanges;18.8;59;0;0
09/03/2026;17:34;Varanges;15.4;64;0;0
09/03/2026;17:34;Genlis;15.4;61;0;0
09/03/2026;18:31;Varanges;11.5;76;0;0
09/03/2026;18:31;Genlis;11.5;72;0;0
09/03/2026;19:28;Varanges;10.1;79;0;0
09/03/2026;19:28;Genlis;10;78;0;0
09/03/2026;21:43;Varanges;10.5;92;1.72;1.72
09/03/2026;21:43;Genlis;10.5;88;0.91;0.91
09/03/2026;22:01;Varanges;10.3;92;1.82;2.12
09/03/2026;22:01;Genlis;10.2;89;1.11;1.11
09/03/2026;22:42;Varanges;9.9;92;0.4;2.22
09/03/2026;22:42;Genlis;9.8;90;0.3;1.21
09/03/2026;23:02;Varanges;9.6;93;0.1;0
09/03/2026;23:02;Genlis;9.6;90;0;0
09/03/2026;23:37;Varanges;9.2;93;0;0
09/03/2026;23:37;Genlis;9;90;0;0
09/03/2026;23:57;Varanges;9;94;0;0
10/03/2026;04:24;Varanges;7.8;97;0;0
10/03/2026;04:24;Genlis;7.3;93;0;0.1
10/03/2026;05:30;Varanges;8.1;97;0.4;0.4
10/03/2026;06:30;Varanges;8.7;97;0.61;1.01
10/03/2026;06:30;Genlis;8.9;94;0.61;1.11
10/03/2026;07:28;Varanges;9;98;0.71;1.72
10/03/2026;07:28;Genlis;9.2;94;0.81;1.92
10/03/2026;08:22;Varanges;9.7;98;0.1;1.82
10/03/2026;08:22;Genlis;9.8;94;0.3;2.22
10/03/2026;09:06;Varanges;10;98;0;1.82
10/03/2026;09:06;Genlis;10.2;94;0;2.22
10/03/2026;09:58;Varanges;10.8;98;0;1.82
10/03/2026;09:58;Genlis;10.9;94;0;2.22
10/03/2026;10:56;Varanges;11.4;96;0;1.82
10/03/2026;10:56;Genlis;11.5;94;0;2.22
10/03/2026;12:03;Varanges;11;96;0;1.82
10/03/2026;12:03;Genlis;11;93;0;2.22
10/03/2026;13:24;Varanges;11.9;95;0;1.82
10/03/2026;13:24;Genlis;11.9;93;0;2.22
10/03/2026;14:11;Varanges;12.3;94;0;1.82
10/03/2026;14:11;Genlis;12.3;92;0;2.22
10/03/2026;15:14;Varanges;13.6;88;0;1.82
10/03/2026;15:14;Genlis;14.2;85;0.1;2.32
10/03/2026;16:31;Varanges;13.5;86;0;1.82
10/03/2026;16:31;Genlis;13.2;86;0;2.32
10/03/2026;17:32;Varanges;11.4;88;0;1.82
10/03/2026;17:32;Genlis;11.2;88;0;2.32
10/03/2026;19:58;Varanges;10.2;95;0.61;2.53
10/03/2026;20:47;Varanges;9.5;93;1.01;3.23
11/03/2026;02:46;Varanges;8.5;98;0.2;0.3
11/03/2026;02:46;Genlis;8.5;95;0.4;0.51
11/03/2026;04:24;Varanges;8.7;97;0;0.3
11/03/2026;04:24;Genlis;8.7;95;0;0.51
11/03/2026;05:32;Varanges;8.5;97;0;0.3
11/03/2026;05:32;Genlis;8.3;95;0;0.51
11/03/2026;06:33;Varanges;8.3;96;0;0.3
11/03/2026;07:33;Varanges;8.9;97;0;0.3
11/03/2026;07:33;Genlis;8.5;95;0;0.51
11/03/2026;08:22;Varanges;10.1;95;0;0.3
11/03/2026;08:22;Genlis;9.5;95;0;0.51
11/03/2026;09:05;Varanges;11.1;93;0;0.3
11/03/2026;09:05;Genlis;10.9;95;0;0.51
11/03/2026;09:58;Varanges;12.1;87;0;0.3
11/03/2026;09:58;Genlis;12.1;89;0;0.51
11/03/2026;10:55;Varanges;12.5;85;0;0.3
11/03/2026;10:55;Genlis;12.5;86;0;0.51
11/03/2026;11:43;Varanges;13.5;85;0;0.3
11/03/2026;11:43;Genlis;13.3;84;0;0.51
11/03/2026;12:03;Varanges;13.7;85;0;0.3
11/03/2026;12:03;Genlis;13.5;83;0;0.51
11/03/2026;13:24;Varanges;11.5;91;0.71;1.11
11/03/2026;13:24;Genlis;11.5;91;0.71;1.21
11/03/2026;14:26;Varanges;10.4;94;1.62;2.73
11/03/2026;14:26;Genlis;10.2;94;1.82;3.13
11/03/2026;15:12;Varanges;10.3;94;0.3;2.83
11/03/2026;15:12;Genlis;10.1;93;0.4;3.23
11/03/2026;16:07;Varanges;10;95;0.51;3.43
11/03/2026;16:07;Genlis;9.9;94;0.4;3.64
11/03/2026;17:14;Varanges;9.9;96;0.4;3.94
11/03/2026;17:14;Genlis;9.8;94;0.4;4.04
11/03/2026;18:07;Varanges;9.8;96;0;3.94
11/03/2026;18:07;Genlis;9.8;95;0.1;4.14
11/03/2026;19:13;Varanges;9.6;97;0.61;4.65
11/03/2026;19:13;Genlis;9.6;95;0.4;4.55
11/03/2026;19:54;Varanges;9.5;97;0;4.65
11/03/2026;19:54;Genlis;9.4;95;0;4.55
11/03/2026;20:46;Varanges;8.6;96;0;4.65
11/03/2026;20:46;Genlis;8.6;94;0;4.55
11/03/2026;21:17;Varanges;8.6;96;0;4.65
11/03/2026;21:17;Genlis;8.3;95;0;4.55
11/03/2026;21:53;Varanges;8.3;95;0;4.65
11/03/2026;22:37;Varanges;7.9;95;0;4.65
11/03/2026;22:59;Varanges;7.4;94;0;4.65
11/03/2026;23:36;Varanges;5.7;94;0;0
12/03/2026;06:01;Varanges;0.4;97;0;0
12/03/2026;06:01;Genlis;0.3;95;0;0
12/03/2026;08:57;Varanges;7.2;99;0;0
12/03/2026;08:57;Genlis;5.7;96;0.1;0.1
12/03/2026;09:57;Varanges;10.1;96;0;0
12/03/2026;09:57;Genlis;12.1;94;0;0.1
12/03/2026;10:55;Varanges;13.2;79;0;0
12/03/2026;11:38;Varanges;15;72;0;0
12/03/2026;11:59;Varanges;14.5;69;0;0
12/03/2026;13:23;Varanges;14.9;69;0;0
12/03/2026;14:13;Varanges;14.8;66;0;0
12/03/2026;15:13;Varanges;14.5;65;0;0
12/03/2026;15:13;Genlis;17.6;53;0;0.1
12/03/2026;16:32;Varanges;14.2;65;0;0
12/03/2026;16:32;Genlis;13.1;64;0;0.1
12/03/2026;17:35;Varanges;10.2;76;0;0
12/03/2026;17:35;Genlis;12.4;66;0;0.1
12/03/2026;18:33;Varanges;7.2;83;0;0
13/03/2026;02:49;Varanges;1.4;95;0;0
13/03/2026;05:59;Varanges;2.5;96;0;0
13/03/2026;08:00;Varanges;5.7;97;0;0
13/03/2026;08:54;Varanges;7.9;92;0;0
13/03/2026;09:53;Varanges;10.4;84;0;0
13/03/2026;10:52;Varanges;13.8;72;0;0
13/03/2026;11:40;Varanges;14.9;67;0;0
13/03/2026;12:01;Varanges;15.3;65;0;0
13/03/2026;13:21;Varanges;15.4;71;0;0
13/03/2026;14:09;Varanges;14.8;68;0;0
13/03/2026;15:07;Varanges;14;70;0;0
13/03/2026;15:56;Varanges;14.1;69;0;0
13/03/2026;16:54;Varanges;14;72;0;0
13/03/2026;17:49;Varanges;13.5;74;0;0
13/03/2026;22:14;Varanges;9.9;95;0.4;2.22
13/03/2026;22:49;Varanges;10;96;0.71;2.73
13/03/2026;23:38;Varanges;8;94;2.53;1.31
14/03/2026;04:50;Varanges;5.3;96;0.2;7.27
14/03/2026;05:56;Varanges;4.8;96;0.51;7.98
14/03/2026;07:02;Varanges;4.5;96;0.71;8.69
14/03/2026;07:45;Varanges;4.6;96;0.1;8.69
14/03/2026;08:02;Varanges;4.6;96;0;8.69
14/03/2026;08:49;Varanges;4.9;95;0;8.69
14/03/2026;09:46;Varanges;5.5;94;0;8.69
14/03/2026;10:02;Varanges;5.7;93;0;8.69
14/03/2026;10:41;Varanges;6.6;91;0;8.69
14/03/2026;11:00;Varanges;6.3;89;0;8.69
14/03/2026;11:00;Genlis;5.7;93;0.3;9.8
14/03/2026;11:34;Varanges;7.5;86;0;8.69
14/03/2026;11:34;Genlis;6.6;90;0.3;9.8
14/03/2026;11:58;Varanges;8.6;82;0;8.69
14/03/2026;11:58;Genlis;7.2;88;0;9.8
14/03/2026;13:12;Varanges;9;76;0;8.69
14/03/2026;13:13;Varanges;8.9;76;0;8.69
14/03/2026;13:59;Varanges;9.4;71;0;8.69
14/03/2026;13:59;Genlis;8.5;70;0;9.8
14/03/2026;14:41;Varanges;8.6;68;0;8.69
14/03/2026;14:41;Genlis;8.4;71;0;9.8
14/03/2026;15:02;Varanges;8.8;68;0;8.69
14/03/2026;15:02;Genlis;8.7;73;0;9.8
14/03/2026;15:38;Varanges;8.6;68;0;8.69
14/03/2026;15:38;Genlis;8.4;79;0;9.8
14/03/2026;15:59;Varanges;7.4;77;0;8.69
14/03/2026;15:59;Genlis;7.2;83;0;9.8
14/03/2026;16:46;Varanges;5.6;84;0;8.69
14/03/2026;16:46;Genlis;5.9;88;0.1;9.9
14/03/2026;17:13;Varanges;5.1;86;0;8.69
14/03/2026;17:13;Genlis;5.1;89;0.1;9.9
14/03/2026;17:48;Varanges;4.3;88;0;8.69
14/03/2026;17:48;Genlis;4.1;90;0;9.9
14/03/2026;18:54;Varanges;2.6;91;0;8.69
14/03/2026;18:54;Genlis;2.9;91;0;9.9
14/03/2026;19:36;Varanges;2;93;0;8.69
14/03/2026;19:36;Genlis;2;92;0;9.9
14/03/2026;19:58;Varanges;1.6;93;0;8.69
14/03/2026;19:58;Genlis;1.7;92;0;9.9
14/03/2026;20:41;Varanges;2.3;95;0;8.69
14/03/2026;20:41;Genlis;2.2;93;0;9.9
14/03/2026;21:01;Varanges;2.5;95;0.1;8.79
14/03/2026;21:01;Genlis;2.3;93;0;9.9
14/03/2026;21:37;Varanges;2.1;94;0.1;8.79
14/03/2026;21:37;Genlis;1.9;93;0;9.9
14/03/2026;21:58;Varanges;2;94;0;8.79
14/03/2026;21:58;Genlis;1.7;93;0;9.9
14/03/2026;22:39;Varanges;1.7;95;0;8.79
14/03/2026;22:39;Genlis;1.4;93;0.1;10
14/03/2026;23:01;Varanges;1.5;95;0;0
14/03/2026;23:01;Genlis;1.2;93;0.1;0
14/03/2026;23:37;Varanges;1.2;95;0;0
14/03/2026;23:37;Genlis;1;93;0;0
15/03/2026;00:00;Varanges;1;95;0;0
15/03/2026;00:00;Genlis;0.7;93;0;0
15/03/2026;03:27;Varanges;0.4;96;0;0
15/03/2026;03:27;Genlis;0.4;94;0;0
15/03/2026;05:22;Varanges;-0.3;96;0;0
15/03/2026;05:22;Genlis;-0.5;94;0;0
15/03/2026;07:26;Varanges;1.9;98;0;0
15/03/2026;07:59;Varanges;3.6;98;0;0
15/03/2026;08:51;Varanges;5.7;94;0;0
15/03/2026;09:46;Varanges;7.2;86;0;0
15/03/2026;10:14;Varanges;7;82;0;0
15/03/2026;10:55;Varanges;6.7;83;0;0
15/03/2026;10:55;Genlis;6.7;93;0;0
15/03/2026;11:36;Varanges;7.6;80;0;0
15/03/2026;11:36;Genlis;7.6;87;0;0
15/03/2026;11:58;Varanges;8.4;77;0;0
15/03/2026;11:58;Genlis;8.2;84;0;0
15/03/2026;13:14;Varanges;10;71;0;0
15/03/2026;13:14;Genlis;11.2;70;0;0
15/03/2026;14:00;Varanges;10.2;68;0;0
15/03/2026;14:45;Varanges;10.3;68;0;0
15/03/2026;15:14;Varanges;10.2;66;0;0
15/03/2026;15:49;Varanges;10.4;66;0;0
15/03/2026;15:49;Genlis;10.6;64;0;0
15/03/2026;16:46;Varanges;10.4;63;0;0
15/03/2026;16:46;Genlis;9.3;64;0;0
15/03/2026;17:14;Varanges;9.3;65;0;0
15/03/2026;17:14;Genlis;8.5;67;0;0
15/03/2026;17:51;Varanges;7;71;0;0
15/03/2026;17:51;Genlis;6.3;72;0;0
15/03/2026;18:56;Varanges;3.6;84;0;0
15/03/2026;18:56;Genlis;3.6;81;0;0
15/03/2026;19:37;Varanges;2.4;86;0;0
15/03/2026;19:37;Genlis;1.9;85;0;0
15/03/2026;19:58;Genlis;1.4;86;0;0
15/03/2026;20:42;Genlis;0.6;89;0;0
15/03/2026;21:03;Varanges;0.7;91;0;0
15/03/2026;21:03;Genlis;0.3;90;0;0
15/03/2026;21:38;Varanges;0.1;92;0;0
15/03/2026;21:38;Genlis;-0.2;91;0;0
15/03/2026;21:59;Varanges;0;92;0;0
15/03/2026;21:59;Genlis;-0.2;92;0;0
15/03/2026;22:41;Varanges;-0.2;93;0;0
15/03/2026;22:41;Genlis;-0.1;92;0;0
15/03/2026;23:03;Varanges;-0.4;93;0;0
15/03/2026;23:03;Genlis;0;93;0;0
15/03/2026;23:39;Varanges;-0.1;95;0;0
15/03/2026;23:39;Genlis;0;93;0;0
16/03/2026;00:00;Varanges;0.3;95;0;0
16/03/2026;00:00;Genlis;-0.4;92;0;0
16/03/2026;03:30;Varanges;0.7;96;0;0
16/03/2026;03:30;Genlis;0.4;94;0;0
16/03/2026;05:33;Varanges;2.1;96;0;0
16/03/2026;05:33;Genlis;2.3;94;0;0
16/03/2026;07:00;Varanges;3.1;95;0;0
16/03/2026;07:00;Genlis;3.3;94;0;0
16/03/2026;08:13;Varanges;4.4;94;0;0
16/03/2026;08:13;Genlis;4.4;94;0;0
16/03/2026;09:37;Varanges;6.3;90;0;0
16/03/2026;09:37;Genlis;6.7;90;0;0
16/03/2026;10:39;Varanges;8;88;0;0
16/03/2026;10:39;Genlis;8.6;86;0;0
16/03/2026;11:34;Varanges;10.6;83;0;0
16/03/2026;11:34;Genlis;11;81;0;0
16/03/2026;12:36;Varanges;10;85;0;0
16/03/2026;12:36;Genlis;10.4;82;0;0
16/03/2026;14:07;Varanges;9.9;84;0;0
16/03/2026;14:07;Genlis;10.1;83;0;0
16/03/2026;15:36;Varanges;11.3;84;0;0
16/03/2026;15:36;Genlis;12.1;79;0;0
16/03/2026;16:43;Varanges;10.5;84;0;0
16/03/2026;16:43;Genlis;10.9;81;0;0
16/03/2026;17:46;Varanges;9.5;86;0;0
16/03/2026;17:46;Genlis;9.6;86;0;0
16/03/2026;18:40;Varanges;8.3;90;0;0
16/03/2026;18:40;Genlis;8.4;90;0;0
16/03/2026;19:42;Varanges;8;92;0;0
16/03/2026;19:42;Genlis;8.1;91;0;0
16/03/2026;20:21;Varanges;7.9;92;0;0
16/03/2026;20:21;Genlis;7.8;92;0;0
16/03/2026;21:02;Varanges;7.4;92;0;0
16/03/2026;21:02;Genlis;7.2;91;0;0
16/03/2026;23:39;Varanges;3.5;95;0;0
16/03/2026;23:39;Genlis;3.1;93;0;0
17/03/2026;02:51;Varanges;2.1;96;0;0
17/03/2026;05:00;Varanges;1.9;97;0;0
17/03/2026;05:00;Genlis;1.7;95;0;0
17/03/2026;06:09;Varanges;2.4;97;0;0
17/03/2026;06:09;Genlis;1.8;95;0;0
17/03/2026;07:34;Varanges;3.4;98;0.1;0.1
17/03/2026;07:34;Genlis;2.9;95;0;0
17/03/2026;08:33;Varanges;5.2;98;0;0.1
17/03/2026;08:33;Genlis;5.2;95;0;0
17/03/2026;09:39;Varanges;7.5;98;0;0.1
17/03/2026;09:39;Genlis;9.9;94;0;0
17/03/2026;10:35;Varanges;11;93;0;0.1
17/03/2026;10:35;Genlis;14.9;79;0;0
17/03/2026;11:31;Varanges;14.3;76;0;0.1
17/03/2026;12:34;Varanges;16;65;0;0.1
17/03/2026;14:07;Varanges;16.6;58;0;0.1
17/03/2026;15:35;Varanges;16.9;55;0;0.1
17/03/2026;16:45;Varanges;16.2;57;0;0.1
17/03/2026;17:45;Varanges;13.4;63;0;0.1
17/03/2026;17:45;Genlis;13.6;58;0;0
17/03/2026;18:39;Varanges;10.3;72;0;0.1
17/03/2026;18:39;Genlis;10.6;66;0;0
17/03/2026;19:43;Varanges;8;77;0;0.1
17/03/2026;19:43;Genlis;9.3;70;0;0
17/03/2026;20:22;Varanges;7.5;79;0;0.1
17/03/2026;20:22;Genlis;8.6;73;0;0
17/03/2026;21:02;Genlis;8.1;75;0;0
17/03/2026;21:50;Genlis;7.3;76;0;0
17/03/2026;22:48;Genlis;5.9;83;0;0
17/03/2026;23:43;Varanges;5.5;87;0;0
17/03/2026;23:43;Genlis;5.1;85;0;0
18/03/2026;00:03;Varanges;5.6;86;0;0
18/03/2026;03:16;Varanges;6.2;86;0;0
18/03/2026;03:16;Genlis;6.2;85;0;0
18/03/2026;05:11;Varanges;5.4;87;0;0
18/03/2026;06:38;Varanges;4.7;87;0;0
18/03/2026;07:41;Varanges;7.2;76;0;0
18/03/2026;08:30;Varanges;8.7;63;0;0
18/03/2026;09:37;Varanges;10.8;53;0;0
18/03/2026;09:37;Genlis;11.9;45;0;0
18/03/2026;10:36;Varanges;12.7;45;0;0
18/03/2026;10:36;Genlis;15.6;38;0;0
18/03/2026;11:33;Varanges;13.8;43;0;0
18/03/2026;12:35;Varanges;14.9;38;0;0
18/03/2026;14:08;Varanges;15.6;38;0;0
18/03/2026;15:45;Varanges;15.8;42;0;0
18/03/2026;15:45;Genlis;16.6;37;0;0
18/03/2026;16:44;Varanges;15.3;43;0;0
18/03/2026;17:47;Varanges;13.2;48;0;0
18/03/2026;17:47;Genlis;13;47;0;0
18/03/2026;18:39;Varanges;11.8;53;0;0
18/03/2026;18:39;Genlis;11.6;52;0;0
18/03/2026;19:38;Varanges;11.4;56;0;0
18/03/2026;19:38;Genlis;11;55;0;0
18/03/2026;20:21;Varanges;10.4;59;0;0
18/03/2026;21:00;Varanges;9.2;64;0;0
18/03/2026;21:00;Genlis;9.7;60;0;0
18/03/2026;21:46;Varanges;8.6;67;0;0
18/03/2026;21:46;Genlis;8.8;64;0;0
18/03/2026;22:17;Varanges;7.8;69;0;0
18/03/2026;22:17;Genlis;8;66;0;0
18/03/2026;22:55;Varanges;6.3;74;0;0
18/03/2026;22:55;Genlis;6.1;72;0;0
18/03/2026;23:38;Varanges;5.5;78;0;0
18/03/2026;23:38;Genlis;5;77;0;0
19/03/2026;00:00;Varanges;5.5;78;0;0
19/03/2026;03:17;Varanges;2.9;87;0;0
19/03/2026;03:17;Genlis;3.1;86;0;0
19/03/2026;05:08;Varanges;1.3;90;0;0
19/03/2026;05:08;Genlis;1.3;89;0;0
19/03/2026;06:33;Varanges;1;92;0;0
19/03/2026;06:33;Genlis;1.1;90;0;0
19/03/2026;07:36;Varanges;5;92;0;0
19/03/2026;07:36;Genlis;2.7;91;0;0
19/03/2026;08:25;Varanges;8.3;82;0;0
19/03/2026;08:25;Genlis;5;91;0;0
19/03/2026;09:09;Varanges;10.2;75;0;0
19/03/2026;09:09;Genlis;7.6;82;0;0
19/03/2026;10:04;Varanges;12.5;68;0;0
19/03/2026;10:04;Genlis;16.2;59;0;0
19/03/2026;10:59;Varanges;15;61;0;0
19/03/2026;11:47;Varanges;16.1;57;0;0
19/03/2026;13:39;Varanges;16.9;54;0;0
19/03/2026;14:35;Varanges;17.2;52;0;0
19/03/2026;15:37;Varanges;17.6;51;0;0
19/03/2026;16:41;Varanges;17.2;50;0;0
19/03/2026;17:43;Varanges;14.1;56;0;0
19/03/2026;18:34;Varanges;11.2;65;0;0
19/03/2026;19:35;Varanges;9.1;71;0;0
19/03/2026;19:35;Genlis;9;71;0;0
19/03/2026;20:19;Varanges;7.6;75;0;0
19/03/2026;21:01;Varanges;6.4;79;0;0
19/03/2026;21:01;Genlis;7.8;74;0;0
19/03/2026;21:47;Varanges;6;80;0;0
19/03/2026;21:47;Genlis;6.4;76;0;0
19/03/2026;22:13;Varanges;5.7;80;0;0
19/03/2026;22:13;Genlis;5.8;76;0;0
19/03/2026;22:53;Varanges;5.1;82;0;0
19/03/2026;23:39;Varanges;5;82;0;0
20/03/2026;00:00;Varanges;4.6;83;0;0
20/03/2026;00:00;Genlis;4.8;82;0;0
20/03/2026;02:50;Varanges;3.3;84;0;0
20/03/2026;02:50;Genlis;3.1;83;0;0
20/03/2026;04:55;Varanges;1.6;86;0;0
20/03/2026;04:55;Genlis;2.3;83;0;0
20/03/2026;06:02;Varanges;1.9;84;0;0
20/03/2026;06:02;Genlis;1.9;83;0;0
20/03/2026;07:09;Varanges;3.5;87;0;0
20/03/2026;07:09;Genlis;2.5;87;0;0
20/03/2026;07:59;Varanges;7.7;76;0;0
20/03/2026;08:55;Varanges;10.3;68;0;0
20/03/2026;09:55;Varanges;13.3;57;0;0
20/03/2026;09:55;Genlis;15.9;49;0;0
20/03/2026;10:53;Varanges;15.5;49;0;0
20/03/2026;11:40;Varanges;17.7;47;0;0
20/03/2026;12:01;Varanges;18;46;0;0
20/03/2026;13:21;Varanges;17.2;44;0;0
20/03/2026;14:10;Varanges;17.5;42;0;0
20/03/2026;15:10;Varanges;17.4;42;0;0
20/03/2026;15:56;Varanges;17.8;41;0;0
20/03/2026;15:56;Genlis;18.2;35;0;0
20/03/2026;16:58;Varanges;16.5;41;0;0
20/03/2026;16:58;Genlis;15.9;35;0;0
20/03/2026;17:49;Varanges;12.9;48;0;0
20/03/2026;17:49;Genlis;13.2;41;0;0
20/03/2026;19:03;Varanges;8.5;58;0;0
20/03/2026;19:03;Genlis;9.6;51;0;0
20/03/2026;19:46;Varanges;6.7;67;0;0
20/03/2026;19:46;Genlis;7.5;59;0;0
20/03/2026;20:16;Varanges;6.2;69;0;0
20/03/2026;20:55;Varanges;6.1;69;0;0
20/03/2026;20:55;Genlis;6.2;66;0;0
20/03/2026;21:40;Varanges;5.2;74;0;0
20/03/2026;21:40;Genlis;5.5;71;0;0
20/03/2026;21:59;Varanges;5.1;74;0;0
20/03/2026;21:59;Genlis;5.3;72;0;0
20/03/2026;22:42;Varanges;4.9;76;0;0
20/03/2026;22:42;Genlis;4.9;73;0;0
20/03/2026;23:03;Varanges;4.5;77;0;0
20/03/2026;23:03;Genlis;4.5;74;0;0
20/03/2026;23:39;Varanges;4.1;78;0;0
20/03/2026;23:39;Genlis;4.1;78;0;0
20/03/2026;23:59;Varanges;3.6;79;0;0
20/03/2026;23:59;Genlis;4.1;77;0;0
21/03/2026;02:44;Varanges;1.7;84;0;0
21/03/2026;02:44;Genlis;2.1;83;0;0
21/03/2026;04:20;Varanges;1.8;85;0;0
21/03/2026;04:20;Genlis;1.6;85;0;0
21/03/2026;05:24;Varanges;1.5;85;0;0
21/03/2026;05:24;Genlis;1.3;85;0;0
21/03/2026;06:00;Varanges;1.2;85;0;0
21/03/2026;06:00;Genlis;0.7;85;0;0
21/03/2026;06:59;Varanges;2.8;85;0;0
21/03/2026;06:59;Genlis;1.2;89;0;0
21/03/2026;07:41;Varanges;6.1;80;0;0
21/03/2026;07:41;Genlis;3;90;0;0
21/03/2026;07:59;Varanges;6.9;79;0;0
21/03/2026;08:48;Varanges;9.8;69;0;0
21/03/2026;09:42;Varanges;12.5;63;0;0
21/03/2026;09:42;Genlis;13.3;62;0;0
21/03/2026;09:59;Varanges;13.2;60;0;0
21/03/2026;10:40;Varanges;15;53;0;0
21/03/2026;11:00;Varanges;16;50;0;0
21/03/2026;11:33;Varanges;17;45;0;0
21/03/2026;11:57;Varanges;17.6;45;0;0
21/03/2026;13:10;Varanges;17.5;45;0;0
21/03/2026;13:56;Varanges;18;43;0;0
21/03/2026;14:38;Varanges;18;44;0;0
21/03/2026;15:00;Varanges;17.9;43;0;0
21/03/2026;15:36;Varanges;17.1;44;0;0
21/03/2026;15:58;Varanges;16.9;45;0;0
21/03/2026;16:43;Varanges;15.4;49;0;0
21/03/2026;17:02;Varanges;14.7;50;0;0
21/03/2026;17:02;Genlis;15.4;43;0;0
21/03/2026;17:36;Varanges;13.5;52;0;0
21/03/2026;17:36;Genlis;14.3;46;0;0
21/03/2026;17:58;Varanges;12.6;54;0;0
21/03/2026;17:58;Genlis;12.9;49;0;0
21/03/2026;18:51;Varanges;11.1;59;0;0
21/03/2026;18:51;Genlis;11.8;51;0;0
21/03/2026;19:33;Varanges;10.5;61;0;0
21/03/2026;19:33;Genlis;11.2;55;0;0
21/03/2026;19:55;Varanges;10.3;62;0;0
21/03/2026;19:55;Genlis;10.9;57;0;0
21/03/2026;20:39;Varanges;9.8;65;0;0
21/03/2026;20:39;Genlis;10;61;0;0
21/03/2026;21:00;Varanges;9.6;66;0;0
21/03/2026;21:00;Genlis;9.9;62;0;0
21/03/2026;21:35;Varanges;9.3;68;0;0
21/03/2026;21:35;Genlis;9.4;64;0;0
21/03/2026;21:57;Varanges;8.6;69;0;0
21/03/2026;21:57;Genlis;8.6;67;0;0
21/03/2026;22:38;Varanges;7.6;73;0;0
21/03/2026;22:38;Genlis;7.8;70;0;0
21/03/2026;22:59;Varanges;7.5;74;0;0
21/03/2026;22:59;Genlis;7.7;71;0;0
21/03/2026;23:35;Varanges;6.6;76;0;0
21/03/2026;23:35;Genlis;7;73;0;0
21/03/2026;23:58;Varanges;6.8;77;0;0
21/03/2026;23:58;Genlis;6.9;75;0;0
22/03/2026;03:17;Varanges;7.2;79;0;0
22/03/2026;03:17;Genlis;7.2;77;0;0
22/03/2026;05:06;Varanges;6.7;82;0;0
22/03/2026;05:06;Genlis;6.9;80;0;0
22/03/2026;06:04;Varanges;6.6;87;0.1;0.1
22/03/2026;06:04;Genlis;6.5;87;0.1;0.1
22/03/2026;07:05;Varanges;6.8;89;0.61;0.71
22/03/2026;07:48;Varanges;7.4;89;0;0.71
22/03/2026;08:49;Varanges;8.4;88;0;0.71
22/03/2026;08:49;Genlis;8.7;86;0;0.3
22/03/2026;09:44;Varanges;8.5;89;0.2;0.91
22/03/2026;09:44;Genlis;9;88;0.1;0.4
22/03/2026;10:01;Varanges;9.3;88;0.2;0.91
22/03/2026;10:01;Genlis;9.4;85;0;0.4
22/03/2026;10:41;Varanges;10.4;82;0;0.91
22/03/2026;10:41;Genlis;11.1;77;0;0.4
22/03/2026;11:01;Varanges;10.5;81;0;0.91
22/03/2026;11:01;Genlis;11.1;76;0;0.4
22/03/2026;11:33;Varanges;10.9;78;0;0.91
22/03/2026;11:33;Genlis;11.5;73;0;0.4
22/03/2026;11:57;Varanges;11.1;78;0;0.91
22/03/2026;11:57;Genlis;13;70;0;0.4
22/03/2026;13:12;Varanges;12.3;72;0;0.91
22/03/2026;13:57;Varanges;13.5;67;0;0.91
22/03/2026;14:40;Varanges;14;60;0;0.91
22/03/2026;15:01;Varanges;14.1;61;0;0.91
22/03/2026;15:36;Varanges;14.3;59;0;0.91
22/03/2026;15:59;Varanges;14.5;58;0;0.91
22/03/2026;16:44;Varanges;12.5;66;0;0.91
22/03/2026;17:02;Varanges;12.1;68;0;0.91
22/03/2026;17:02;Genlis;12.5;60;0;0.4
22/03/2026;17:36;Varanges;11.3;73;0;0.91
22/03/2026;17:36;Genlis;11.5;62;0;0.4
22/03/2026;17:59;Varanges;10.2;74;0;0.91
22/03/2026;17:59;Genlis;10.4;66;0;0.4
22/03/2026;18:52;Varanges;7;82;0;0.91
22/03/2026;18:52;Genlis;7.2;76;0;0.4
22/03/2026;19:35;Varanges;5.5;87;0;0.91
22/03/2026;19:35;Genlis;6;82;0;0.4
22/03/2026;19:57;Varanges;5.2;88;0;0.91
22/03/2026;19:57;Genlis;5.6;83;0;0.4
22/03/2026;20:40;Varanges;4.1;90;0;0.91
22/03/2026;23:01;Varanges;2.2;92;0;0
22/03/2026;23:01;Genlis;2.3;88;0;0
22/03/2026;23:38;Varanges;1.6;92;0;0
22/03/2026;23:38;Genlis;2;90;0;0
23/03/2026;03:19;Varanges;0.8;95;0;0
23/03/2026;03:19;Genlis;-0.2;91;0;0
23/03/2026;05:18;Varanges;0.3;96;0;0
23/03/2026;05:18;Genlis;0.5;93;0;0
23/03/2026;06:44;Varanges;1.7;96;0.1;0.1
23/03/2026;06:44;Genlis;1.6;93;0;0
23/03/2026;07:49;Varanges;3;97;0;0.1
23/03/2026;07:49;Genlis;3.2;94;0;0
23/03/2026;09:10;Varanges;6.3;97;0;0.1
23/03/2026;09:10;Genlis;6.6;94;0;0
23/03/2026;10:30;Varanges;12.6;85;0;0.1
23/03/2026;11:32;Varanges;15.6;64;0;0.1
23/03/2026;12:32;Varanges;16.5;57;0;0.1
23/03/2026;14:03;Varanges;15.2;60;0;0.1
23/03/2026;15:11;Varanges;16.5;60;0;0.1
23/03/2026;16:14;Varanges;15.6;58;0;0.1
23/03/2026;17:13;Varanges;14.1;64;0;0.1
23/03/2026;18:07;Varanges;10.6;75;0;0.1
23/03/2026;18:07;Genlis;11.7;61;0;0
23/03/2026;21:48;Varanges;5.1;85;0;0.1
23/03/2026;22:48;Varanges;4.7;85;0;0.1
23/03/2026;22:48;Genlis;4.8;85;0;0
23/03/2026;23:44;Varanges;3.7;87;0;0
23/03/2026;23:44;Genlis;3.9;88;0;0
24/03/2026;00:02;Varanges;3.4;87;0;0
24/03/2026;02:52;Varanges;2;92;0;0
24/03/2026;02:52;Genlis;1.8;89;0;0
24/03/2026;05:02;Varanges;0.3;93;0;0
24/03/2026;05:02;Genlis;0.6;89;0;0
24/03/2026;06:09;Varanges;0.5;94;0;0
24/03/2026;06:09;Genlis;0.3;91;0;0
24/03/2026;07:34;Varanges;3.5;96;0;0
24/03/2026;07:34;Genlis;1.8;93;0;0
24/03/2026;08:33;Varanges;7.5;89;0;0
24/03/2026;08:33;Genlis;4.9;93;0;0
24/03/2026;09:40;Varanges;11.8;76;0;0
24/03/2026;09:40;Genlis;13.4;76;0;0
24/03/2026;10:36;Varanges;15.1;66;0;0
24/03/2026;10:36;Genlis;19.4;52;0;0
24/03/2026;11:33;Varanges;18.5;55;0;0
24/03/2026;11:33;Genlis;22.9;42;0;0
24/03/2026;12:35;Varanges;19.1;48;0;0
24/03/2026;14:06;Varanges;18.9;51;0;0
24/03/2026;15:17;Varanges;19;50;0;0
24/03/2026;16:34;Varanges;16.9;55;0;0
24/03/2026;17:40;Varanges;13.8;64;0;0
24/03/2026;17:40;Genlis;14;60;0;0
24/03/2026;18:40;Varanges;10.8;72;0;0
24/03/2026;18:40;Genlis;10.6;71;0;0
24/03/2026;19:41;Varanges;8.6;79;0;0
24/03/2026;19:41;Genlis;10.1;73;0;0
24/03/2026;21:03;Genlis;9.6;74;0;0
24/03/2026;21:50;Genlis;8.6;77;0;0
24/03/2026;22:46;Genlis;6.2;79;0;0
25/03/2026;07:41;Genlis;9.2;79;0;0
25/03/2026;08:32;Genlis;9.8;77;0;0
25/03/2026;09:37;Varanges;9;89;0;0
25/03/2026;09:37;Genlis;9;84;0;0
25/03/2026;10:33;Varanges;9.8;83;0;0
25/03/2026;10:33;Genlis;9.8;78;0;0
25/03/2026;11:28;Varanges;8.2;85;0.2;0.2
25/03/2026;11:28;Genlis;8.5;80;0.1;0.1
25/03/2026;12:32;Varanges;10.5;77;0.1;0.3
25/03/2026;12:32;Genlis;11.5;63;0.1;0.2
25/03/2026;14:04;Genlis;8.1;75;0.61;0.81
25/03/2026;15:18;Varanges;7.6;79;0;1.82
25/03/2026;15:18;Genlis;8.6;70;0;0.81
25/03/2026;16:40;Varanges;8.3;72;0.2;2.02
25/03/2026;16:40;Genlis;8.3;70;0.3;1.11
25/03/2026;17:42;Varanges;5;85;0;2.02
25/03/2026;19:08;Varanges;4.3;84;0;2.02
25/03/2026;19:08;Genlis;3.9;83;0;1.11
25/03/2026;19:34;Varanges;3.8;85;0;2.02
25/03/2026;19:34;Genlis;3.5;84;0;1.11
25/03/2026;20:22;Varanges;4.1;85;0;2.02
25/03/2026;20:58;Varanges;3.1;86;0;2.02
25/03/2026;20:58;Genlis;2.8;87;0;1.11
25/03/2026;21:51;Varanges;2.9;88;0;2.02
25/03/2026;22:51;Varanges;1.7;90;0;2.02
25/03/2026;22:51;Genlis;1.8;90;0;1.11
25/03/2026;23:47;Varanges;2.4;90;0;0
25/03/2026;23:47;Genlis;2;90;0;0
26/03/2026;03:22;Varanges;2.6;89;0;0
26/03/2026;03:22;Genlis;2.3;90;0;0
26/03/2026;05:19;Varanges;3.2;85;0;0
26/03/2026;05:19;Genlis;2.9;87;0;0
26/03/2026;06:41;Varanges;3.4;86;0;0
26/03/2026;07:46;Varanges;3.9;86;0;0
26/03/2026;08:35;Varanges;4.3;87;0;0
26/03/2026;09:45;Varanges;5.8;80;0;0
26/03/2026;09:45;Genlis;6.3;75;0;0
26/03/2026;10:38;Varanges;6.3;77;0.1;0.1
26/03/2026;10:38;Genlis;8;70;0;0
26/03/2026;11:37;Varanges;7.6;72;0;0.1
26/03/2026;12:40;Varanges;8.4;67;0;0.1
26/03/2026;14:13;Varanges;8.8;66;0.1;0.3
26/03/2026;15:48;Varanges;9;61;0;0.3
26/03/2026;17:16;Varanges;5.7;76;0.1;0.4
26/03/2026;17:16;Genlis;5.6;75;0.1;0.2
26/03/2026;18:13;Varanges;3.8;82;0;0.4
26/03/2026;19:35;Varanges;0.8;87;0;0.4
26/03/2026;19:35;Genlis;1.2;87;0;0.2
26/03/2026;20:18;Varanges;0;90;0;0.4
26/03/2026;20:18;Genlis;0.8;90;0;0.2
26/03/2026;20:55;Varanges;1.3;89;0;0.4
26/03/2026;20:55;Genlis;1.3;91;0;0.2
26/03/2026;21:42;Varanges;1.5;88;0;0.4
26/03/2026;21:42;Genlis;1.4;90;0;0.2
26/03/2026;22:00;Varanges;1.5;88;0;0.4
26/03/2026;22:00;Genlis;1.1;89;0;0.2
26/03/2026;22:47;Varanges;1.3;87;0;0.4
26/03/2026;22:47;Genlis;0.7;89;0;0.2
26/03/2026;23:44;Varanges;0.9;88;0;0
26/03/2026;23:44;Genlis;0;91;0;0
27/03/2026;01:01;Varanges;0.1;90;0;0
27/03/2026;03:55;Varanges;-1.3;92;0;0
27/03/2026;03:55;Genlis;-1.7;92;0;0
27/03/2026;05:47;Varanges;-1.8;93;0;0
27/03/2026;05:47;Genlis;-2.1;94;0;0
27/03/2026;09:11;Varanges;5.4;80;0;0
27/03/2026;10:09;Varanges;7.5;65;0;0
27/03/2026;11:11;Varanges;9.5;53;0.1;0.1
27/03/2026;12:00;Varanges;9.5;51;0;0.1
27/03/2026;13:39;Varanges;9;50;0;0.1
27/03/2026;14:36;Varanges;9.5;50;0;0.1
27/03/2026;15:36;Varanges;9.8;48;0;0.1
27/03/2026;16:37;Varanges;9.7;46;0;0.1
27/03/2026;17:37;Varanges;8;51;0;0.1
27/03/2026;17:37;Genlis;7.4;47;0;0
27/03/2026;18:36;Varanges;4.6;60;0;0.1
27/03/2026;18:36;Genlis;5.2;54;0;0
27/03/2026;19:30;Varanges;2.8;65;0;0.1
27/03/2026;20:17;Varanges;1.2;71;0;0.1
27/03/2026;21:01;Varanges;0.5;75;0;0.1
27/03/2026;21:48;Varanges;-0.2;78;0;0.1
27/03/2026;22:48;Varanges;-0.7;80;0;0.1
27/03/2026;23:43;Varanges;-1.4;82;0;0
28/03/2026;00:01;Varanges;-1.8;83;0;0
28/03/2026;03:12;Varanges;-3.2;88;0;0
28/03/2026;03:12;Genlis;-2.8;86;0;0
28/03/2026;05:08;Varanges;-1.8;91;0;0
28/03/2026;05:08;Genlis;-1.6;91;0;0
28/03/2026;06:31;Varanges;-0.2;91;0;0
28/03/2026;06:31;Genlis;0;93;0;0
28/03/2026;07:34;Varanges;1;90;0;0
28/03/2026;07:34;Genlis;1.5;91;0;0
28/03/2026;08:21;Varanges;2.6;88;0;0
28/03/2026;08:21;Genlis;2.9;88;0;0
28/03/2026;09:02;Varanges;3.8;84;0;0
28/03/2026;09:02;Genlis;4;85;0;0
28/03/2026;09:49;Varanges;4.4;85;0.2;0.2
28/03/2026;09:49;Genlis;4.5;89;0.1;0.1
28/03/2026;10:47;Varanges;4.5;88;0.4;0.61
28/03/2026;10:47;Genlis;4.8;90;0.3;0.4
28/03/2026;11:15;Varanges;5;89;0.51;0.91
28/03/2026;11:15;Genlis;5.3;90;0.3;0.51
28/03/2026;11:49;Varanges;5.4;88;0.2;0.91
28/03/2026;11:49;Genlis;5.7;88;0.2;0.61
28/03/2026;13:16;Varanges;5.3;91;0.1;1.21
28/03/2026;13:16;Genlis;5.6;91;0.2;1.01
28/03/2026;14:01;Varanges;6.2;92;0;1.21
28/03/2026;14:01;Genlis;6.8;90;0.1;1.01
28/03/2026;14:46;Varanges;8;91;0;1.21
28/03/2026;14:46;Genlis;9;88;0;1.01
28/03/2026;15:16;Varanges;8.7;84;0;1.21
28/03/2026;15:52;Varanges;7.4;80;0;1.21
28/03/2026;16:48;Varanges;6.9;83;0;1.21
28/03/2026;17:40;Varanges;6.4;86;0;1.21
28/03/2026;18:01;Varanges;6.2;87;0;1.21
28/03/2026;18:57;Varanges;6.1;85;0;1.21
28/03/2026;18:57;Genlis;6.1;83;0;1.01
28/03/2026;19:39;Varanges;5.8;82;0;1.21
28/03/2026;20:00;Varanges;5;83;0;1.21
28/03/2026;20:46;Varanges;4.1;88;0;1.21
28/03/2026;21:51;Varanges;4;90;0;1.21
28/03/2026;21:51;Genlis;4;90;0;1.01
28/03/2026;22:44;Varanges;4.2;86;0;1.21
28/03/2026;22:44;Genlis;3.7;89;0;1.01
28/03/2026;23:14;Varanges;3.9;82;0;0
28/03/2026;23:14;Genlis;3.4;84;0;0
28/03/2026;23:52;Varanges;2.9;83;0;0
28/03/2026;23:52;Genlis;2.7;84;0;0
29/03/2026;03:31;Varanges;1;87;0;0
29/03/2026;03:31;Genlis;0.3;90;0;0
29/03/2026;05:28;Varanges;0.1;90;0;0
29/03/2026;05:28;Genlis;-1;90;0;0
29/03/2026;06:46;Varanges;0.3;92;0;0
29/03/2026;07:41;Varanges;2.3;90;0;0
29/03/2026;07:41;Genlis;1.3;94;0;0
29/03/2026;08:22;Varanges;4.7;86;0;0
29/03/2026;09:03;Varanges;6.1;81;0;0
29/03/2026;09:03;Genlis;6.6;76;0;0
29/03/2026;09:50;Varanges;7.1;76;0;0
29/03/2026;09:50;Genlis;8.6;69;0;0
29/03/2026;10:49;Varanges;9.4;68;0;0
29/03/2026;10:49;Genlis;11.7;54;0;0
29/03/2026;11:38;Varanges;8;69;0;0
29/03/2026;12:00;Varanges;8.2;69;0;0
29/03/2026;13:17;Varanges;9.1;67;0;0
29/03/2026;13:17;Genlis;10.5;56;0;0
29/03/2026;14:02;Varanges;9.5;63;0;0
29/03/2026;14:48;Varanges;9.4;64;0;0
29/03/2026;15:43;Varanges;10.4;58;0;0
29/03/2026;16:03;Varanges;10.5;57;0;0
29/03/2026;16:49;Varanges;10.4;58;0;0
29/03/2026;16:49;Genlis;10;55;0;0
29/03/2026;17:44;Varanges;8.2;64;0;0
29/03/2026;17:44;Genlis;8.3;60;0;0
29/03/2026;18:19;Varanges;6.8;68;0;0
29/03/2026;18:19;Genlis;7.2;63;0;0
29/03/2026;19:06;Varanges;4.6;76;0;0
29/03/2026;19:45;Varanges;3.4;80;0;0
29/03/2026;20:01;Varanges;2.9;82;0;0
29/03/2026;20:47;Varanges;2.4;85;0;0
29/03/2026;21:43;Varanges;2;88;0;0
30/03/2026;08:06;Varanges;5.9;91;0;0.1
30/03/2026;08:06;Genlis;6;90;0;0
30/03/2026;09:45;Varanges;9.4;84;0;0.1
30/03/2026;09:45;Genlis;10;79;0;0
30/03/2026;10:50;Varanges;9.7;83;0;0.1
30/03/2026;10:50;Genlis;9.8;81;0;0
30/03/2026;12:01;Varanges;13.1;65;0;0.1
30/03/2026;12:01;Genlis;13.6;66;0;0
30/03/2026;13:59;Varanges;11.2;65;0;0.1
30/03/2026;13:59;Genlis;10.5;69;0.3;0.3
30/03/2026;15:18;Varanges;11.8;60;0;0.1
30/03/2026;15:18;Genlis;11.7;59;0;0.3
30/03/2026;16:31;Varanges;10.9;60;0;0.1
30/03/2026;16:31;Genlis;10.4;62;0;0.3
30/03/2026;17:38;Varanges;10.2;59;0;0.1
30/03/2026;17:38;Genlis;10;60;0;0.3
30/03/2026;18:40;Varanges;9.4;64;0;0.1
30/03/2026;18:40;Genlis;9.3;63;0;0.3
30/03/2026;19:43;Varanges;7.5;71;0;0.1
30/03/2026;20:28;Varanges;7.3;74;0;0.1
30/03/2026;20:28;Genlis;7.2;74;0;0.3
30/03/2026;21:27;Varanges;5.4;85;0.3;0.4
30/03/2026;21:27;Genlis;5.2;87;0.3;0.61
30/03/2026;22:18;Varanges;5.1;89;0;0
30/03/2026;22:18;Genlis;4.9;90;0;0
30/03/2026;23:01;Varanges;5.1;89;0;0
30/03/2026;23:01;Genlis;4.4;90;0;0
30/03/2026;23:47;Varanges;4;88;0;0
30/03/2026;23:47;Genlis;3.5;88;0;0
31/03/2026;03:25;Varanges;2.3;91;0;0
31/03/2026;03:25;Genlis;2.2;92;0;0
31/03/2026;05:24;Varanges;1.7;92;0;0
31/03/2026;05:24;Genlis;1;92;0;0
31/03/2026;06:48;Varanges;2.9;93;0;0
31/03/2026;08:13;Varanges;5.7;90;0;0
31/03/2026;08:13;Genlis;3.9;94;0;0
31/03/2026;09:37;Varanges;7.8;71;0;0
31/03/2026;09:37;Genlis;9.6;64;0;0
31/03/2026;10:38;Varanges;9.9;64;0;0
31/03/2026;10:38;Genlis;9.9;58;0;0
31/03/2026;11:36;Varanges;10.8;58;0;0
31/03/2026;11:36;Genlis;13;46;0;0
31/03/2026;12:41;Varanges;10.9;58;0;0
31/03/2026;14:17;Varanges;9.9;57;0;0
31/03/2026;15:43;Varanges;12;51;0;0
31/03/2026;16:41;Varanges;11.3;52;0;0
31/03/2026;17:42;Varanges;9.3;58;0;0
31/03/2026;17:42;Genlis;9;56;0;0
31/03/2026;18:39;Varanges;6.3;67;0;0
31/03/2026;18:39;Genlis;6.6;64;0;0
31/03/2026;19:42;Varanges;4;74;0;0
31/03/2026;20:26;Varanges;3.2;79;0;0
31/03/2026;21:04;Varanges;3;80;0;0
31/03/2026;21:51;Varanges;3.2;83;0;0
31/03/2026;22:48;Varanges;3.8;83;0;0
31/03/2026;23:46;Varanges;4.1;83;0;0
01/04/2026;01:09;Varanges;4.8;82;0;0
01/04/2026;04:26;Varanges;3.7;87;0;0
01/04/2026;06:11;Varanges;3.9;89;0;0
01/04/2026;06:11;Genlis;4.3;88;0;0
01/04/2026;07:58;Varanges;5.7;90;0;0
01/04/2026;07:58;Genlis;6.1;89;0;0
01/04/2026;09:20;Varanges;8.6;84;0;0
01/04/2026;09:20;Genlis;9.6;77;0;0
01/04/2026;10:32;Varanges;11.6;65;0;0
01/04/2026;10:32;Genlis;17.1;44;0;0
01/04/2026;11:38;Varanges;12.5;57;0;0
01/04/2026;12:42;Varanges;13.4;51;0;0
01/04/2026;14:19;Varanges;13.5;48;0;0
01/04/2026;15:49;Varanges;13.4;47;0;0
01/04/2026;17:08;Varanges;12.5;46;0;0
01/04/2026;17:08;Genlis;12.6;42;0;0
01/04/2026;18:07;Varanges;9.1;55;0;0
01/04/2026;18:07;Genlis;9.3;52;0;0
01/04/2026;19:34;Varanges;5.3;67;0;0
01/04/2026;20:27;Varanges;5;70;0;0
01/04/2026;21:09;Varanges;3.2;76;0;0
01/04/2026;22:53;Varanges;1.6;82;0;0
01/04/2026;23:47;Varanges;1.2;83;0;0
02/04/2026;03:21;Varanges;0.2;86;0;0
02/04/2026;05:17;Varanges;-0.3;88;0;0
02/04/2026;06:45;Varanges;0.4;90;0;0
02/04/2026;06:45;Genlis;-0.3;91;0;0
02/04/2026;07:53;Varanges;5.8;81;0;0
02/04/2026;09:12;Varanges;8.9;69;0;0
02/04/2026;10:28;Varanges;12.8;54;0;0
02/04/2026;11:33;Varanges;15;47;0;0
02/04/2026;12:38;Varanges;15.3;44;0;0
02/04/2026;14:09;Varanges;15.8;45;0;0
02/04/2026;15:32;Varanges;16.3;41;0;0
02/04/2026;16:38;Varanges;15.1;44;0;0
02/04/2026;17:36;Varanges;13.1;45;0;0
02/04/2026;17:36;Genlis;12.8;45;0;0
02/04/2026;18:36;Varanges;10.3;53;0;0
02/04/2026;18:36;Genlis;10.8;49;0;0
02/04/2026;19:36;Varanges;8.3;63;0;0
02/04/2026;19:36;Genlis;9;59;0;0
02/04/2026;20:18;Varanges;8.2;67;0;0
02/04/2026;20:18;Genlis;8.5;63;0;0
02/04/2026;20:59;Varanges;8.8;70;0;0
02/04/2026;20:59;Genlis;8.5;67;0;0
02/04/2026;21:49;Varanges;7.5;74;0;0
02/04/2026;21:49;Genlis;7.2;75;0;0
02/04/2026;22:47;Varanges;7.3;79;0;0
02/04/2026;23:48;Varanges;6.5;82;0;0
02/04/2026;23:48;Genlis;6.2;82;0;0
03/04/2026;03:23;Varanges;1.9;91;0;0
03/04/2026;03:23;Genlis;2;90;0;0
03/04/2026;05:19;Varanges;-0.3;92;0;0
03/04/2026;05:19;Genlis;0.1;91;0;0
03/04/2026;07:48;Varanges;5.9;97;0;0
03/04/2026;09:07;Varanges;11;86;0;0
03/04/2026;09:07;Genlis;11.7;89;0;0
03/04/2026;10:01;Varanges;13.5;77;0;0
03/04/2026;10:58;Varanges;14.9;68;0;0
03/04/2026;11:49;Varanges;16.8;62;0;0
03/04/2026;13:35;Varanges;18.1;50;0;0
03/04/2026;14:29;Varanges;17.5;44;0;0
03/04/2026;15:28;Varanges;16.9;49;0;0
03/04/2026;16:21;Varanges;16.2;53;0;0
03/04/2026;17:01;Varanges;15.2;57;0;0
03/04/2026;17:48;Varanges;14;58;0;0
03/04/2026;20:50;Varanges;11.6;74;0;0
03/04/2026;20:50;Genlis;12.1;68;0;0
03/04/2026;21:46;Varanges;10.8;80;0;0
03/04/2026;21:46;Genlis;11.5;73;0;0
03/04/2026;22:17;Varanges;10.5;83;0;0
03/04/2026;22:17;Genlis;11.3;75;0;0
03/04/2026;22:59;Genlis;11;77;0;0
03/04/2026;23:46;Genlis;10.9;79;0;0
04/04/2026;00:57;Genlis;10.6;83;0;0
04/04/2026;03:40;Genlis;9.7;91;0;0
04/04/2026;05:13;Genlis;9.5;93;0;0
04/04/2026;06:34;Genlis;9.8;93;0;0
04/04/2026;07:37;Varanges;10.6;96;0;0.1
04/04/2026;07:37;Genlis;10.7;93;0;0
04/04/2026;08:24;Varanges;11.8;96;0;0.1
04/04/2026;08:24;Genlis;12.1;93;0;0
04/04/2026;09:04;Varanges;13.2;93;0;0.1
04/04/2026;09:52;Varanges;15.1;87;0;0.1
04/04/2026;10:48;Varanges;16;81;0;0.1
04/04/2026;11:38;Varanges;18.6;75;0;0.1
04/04/2026;13:17;Varanges;19.5;70;0;0.1
04/04/2026;14:02;Varanges;20.1;68;0;0.1
04/04/2026;14:47;Varanges;20.7;66;0;0.1
04/04/2026;15:43;Varanges;20.6;66;0;0.1
04/04/2026;16:03;Varanges;20.8;67;0;0.1
04/04/2026;16:50;Varanges;20.5;66;0;0.1
04/04/2026;17:43;Varanges;18.3;70;0;0.1
04/04/2026;18:03;Varanges;16.9;73;0;0.1
04/04/2026;18:59;Varanges;13.2;81;0;0.1
04/04/2026;19:39;Varanges;11.5;85;0;0.1
04/04/2026;21:17;Genlis;10;88;0;0
04/04/2026;23:52;Genlis;7.4;91;0;0
05/04/2026;03:33;Genlis;6.7;93;0;0
05/04/2026;05:30;Varanges;6.5;95;0;0
05/04/2026;07:59;Varanges;14.3;92;0;0
05/04/2026;07:59;Genlis;13.2;94;0;0
05/04/2026;08:57;Varanges;16.9;80;0;0
05/04/2026;08:57;Genlis;16;90;0;0
05/04/2026;09:52;Varanges;19.7;68;0;0
05/04/2026;09:52;Genlis;22.3;57;0;0
05/04/2026;10:50;Varanges;22.8;55;0;0
05/04/2026;11:39;Varanges;23.3;45;0;0
05/04/2026;12:00;Varanges;23;45;0;0
05/04/2026;13:18;Varanges;23.6;45;0;0
05/04/2026;14:03;Varanges;23;48;0;0
05/04/2026;14:50;Varanges;22;47;0;0
05/04/2026;15:44;Varanges;21.1;48;0;0
05/04/2026;16:17;Genlis;21.1;45;0;0
05/04/2026;17:00;Varanges;19.1;55;0;0
05/04/2026;17:00;Genlis;19.6;48;0;0
05/04/2026;17:44;Varanges;18.5;54;0;0
05/04/2026;17:44;Genlis;18.4;53;0;0
05/04/2026;18:21;Varanges;17;59;0;0
05/04/2026;18:21;Genlis;17.1;57;0;0
05/04/2026;19:08;Varanges;15.8;68;0;0
05/04/2026;19:08;Genlis;15.8;67;0;0
05/04/2026;19:53;Varanges;14.4;73;0;0
05/04/2026;19:53;Genlis;15;69;0;0
05/04/2026;20:47;Varanges;13.8;75;0;0
05/04/2026;20:47;Genlis;13.8;73;0;0
05/04/2026;21:43;Varanges;12.5;79;0;0
05/04/2026;21:43;Genlis;12.7;76;0;0
05/04/2026;22:01;Varanges;11.9;80;0;0
05/04/2026;22:01;Genlis;12.1;76;0;0
05/04/2026;22:47;Varanges;10.9;84;0;0
05/04/2026;22:47;Genlis;11.4;82;0;0
05/04/2026;23:46;Varanges;10.7;85;0;0
05/04/2026;23:46;Genlis;11.1;83;0;0
06/04/2026;04:14;Varanges;6.8;93;0;0
06/04/2026;04:14;Genlis;6.7;91;0;0
06/04/2026;06:14;Varanges;5.4;94;0;0
06/04/2026;06:14;Genlis;5.7;93;0;0
06/04/2026;08:08;Varanges;12.8;88;0;0
06/04/2026;09:45;Varanges;16.2;76;0;0
06/04/2026;09:45;Genlis;20;60;0;0
06/04/2026;10:43;Varanges;18.9;63;0;0
06/04/2026;10:43;Genlis;23.8;48;0;0
06/04/2026;11:36;Varanges;21.4;54;0;0
06/04/2026;12:37;Varanges;21.5;53;0;0
06/04/2026;13:59;Varanges;21.8;53;0;0
06/04/2026;15:02;Varanges;22.7;48;0;0
06/04/2026;15:58;Varanges;23.1;48;0;0
06/04/2026;17:01;Varanges;22;50;0;0
06/04/2026;17:58;Varanges;19.5;55;0;0
06/04/2026;17:58;Genlis;19.7;48;0;0
06/04/2026;19:15;Varanges;13.7;69;0;0
06/04/2026;19:15;Genlis;14.7;61;0;0
06/04/2026;20:03;Varanges;12;75;0;0
06/04/2026;20:03;Genlis;13;66;0;0
06/04/2026;20:51;Varanges;11.1;79;0;0
06/04/2026;20:51;Genlis;11.2;74;0;0
06/04/2026;21:48;Varanges;9.7;81;0;0
06/04/2026;21:48;Genlis;9.7;79;0;0
06/04/2026;22:51;Varanges;9.6;82;0;0
06/04/2026;22:51;Genlis;9.5;83;0;0
06/04/2026;23:47;Varanges;9.3;84;0;0
06/04/2026;23:47;Genlis;8.9;84;0;0
07/04/2026;03:26;Varanges;6.6;88;0;0
07/04/2026;03:26;Genlis;6.2;90;0;0
07/04/2026;05:25;Varanges;5.4;90;0;0
07/04/2026;06:51;Varanges;8.2;91;0;0
07/04/2026;08:17;Varanges;13.1;76;0;0
07/04/2026;09:41;Varanges;16.2;70;0;0
07/04/2026;10:42;Varanges;19.6;68;0;0
07/04/2026;11:39;Varanges;23;60;0;0
07/04/2026;12:45;Varanges;24.4;55;0;0
07/04/2026;14:18;Varanges;25.4;53;0;0
07/04/2026;15:51;Varanges;26;49;0;0
07/04/2026;17:13;Varanges;26.6;53;0;0
07/04/2026;17:13;Genlis;25.4;46;0;0
07/04/2026;18:13;Varanges;21.9;57;0;0
07/04/2026;18:13;Genlis;20.8;54;0;0
07/04/2026;19:35;Varanges;15.3;73;0;0
07/04/2026;19:35;Genlis;16.2;67;0;0
07/04/2026;20:26;Varanges;13.1;79;0;0
07/04/2026;20:26;Genlis;14.5;72;0;0
07/04/2026;21:12;Varanges;12;82;0;0
07/04/2026;21:12;Genlis;13.3;74;0;0
07/04/2026;22:01;Varanges;11.8;82;0;0
07/04/2026;22:01;Genlis;12.2;75;0;0
07/04/2026;22:53;Varanges;11.5;81;0;0
07/04/2026;22:53;Genlis;11.2;80;0;0
07/04/2026;23:51;Varanges;9.9;82;0;0
07/04/2026;23:51;Genlis;9.9;83;0;0
08/04/2026;03:27;Varanges;7.8;84;0;0
08/04/2026;03:27;Genlis;8.1;85;0;0
08/04/2026;05:30;Varanges;6.5;89;0;0
08/04/2026;05:30;Genlis;6.8;87;0;0
08/04/2026;07:01;Varanges;10.6;86;0;0
08/04/2026;08:17;Varanges;15.1;70;0;0
08/04/2026;08:17;Genlis;13.2;71;0;0
08/04/2026;09:42;Varanges;17.8;62;0;0
08/04/2026;09:42;Genlis;18.4;60;0;0
08/04/2026;10:43;Varanges;20.9;57;0;0
08/04/2026;10:43;Genlis;24.1;45;0;0
08/04/2026;11:40;Varanges;23.3;52;0;0
08/04/2026;11:40;Genlis;27.4;39;0;0
08/04/2026;12:43;Varanges;24.1;52;0;0
08/04/2026;14:19;Varanges;25.2;46;0;0
08/04/2026;15:52;Varanges;26;45;0;0
08/04/2026;17:18;Varanges;24.5;48;0;0
08/04/2026;17:18;Genlis;24.8;42;0;0
08/04/2026;18:45;Varanges;18.5;62;0;0
08/04/2026;18:45;Genlis;19.3;55;0;0
08/04/2026;19:49;Varanges;14.8;72;0;0
08/04/2026;19:49;Genlis;15.9;67;0;0
08/04/2026;20:57;Varanges;12.9;79;0;0
08/04/2026;20:57;Genlis;13.7;74;0;0
08/04/2026;21:55;Varanges;11.9;80;0;0
08/04/2026;21:55;Genlis;12.4;77;0;0
08/04/2026;22:56;Varanges;11.3;82;0;0
08/04/2026;22:56;Genlis;11;80;0;0
08/04/2026;23:50;Varanges;11.5;81;0;0
08/04/2026;23:50;Genlis;10.5;84;0;0
09/04/2026;03:23;Varanges;8;84;0;0
09/04/2026;03:23;Genlis;8.5;82;0;0
09/04/2026;05:26;Varanges;7.1;85;0;0
09/04/2026;05:26;Genlis;6.8;87;0;0
09/04/2026;06:55;Varanges;9;88;0;0
09/04/2026;06:55;Genlis;8.3;90;0;0
09/04/2026;08:24;Varanges;15.1;68;0;0
09/04/2026;09:48;Varanges;18.1;59;0;0
09/04/2026;09:48;Genlis;21.5;48;0;0
09/04/2026;11:13;Varanges;23.6;53;0;0
09/04/2026;12:08;Varanges;26;46;0;0
09/04/2026;14:18;Varanges;26;42;0;0
09/04/2026;15:59;Varanges;27.8;43;0;0
09/04/2026;15:59;Genlis;28.5;32;0;0
09/04/2026;17:18;Varanges;25.3;42;0;0
09/04/2026;17:18;Genlis;25.6;37;0;0
09/04/2026;18:34;Varanges;18;64;0;0
09/04/2026;18:34;Genlis;19.2;53;0;0
09/04/2026;19:51;Varanges;14.6;62;0;0
09/04/2026;21:00;Varanges;13.3;64;0;0
09/04/2026;21:00;Genlis;14.2;57;0;0
09/04/2026;21:54;Varanges;12.2;72;0;0
09/04/2026;21:54;Genlis;12.8;64;0;0
09/04/2026;22:56;Varanges;10.5;81;0;0
09/04/2026;22:56;Genlis;11.8;68;0;0
09/04/2026;23:49;Varanges;9.8;81;0;0
09/04/2026;23:49;Genlis;11.3;70;0;0
10/04/2026;03:36;Varanges;9.5;86;0;0
10/04/2026;03:36;Genlis;9.8;82;0;0
10/04/2026;05:50;Varanges;12.8;89;0;0
10/04/2026;05:50;Genlis;13;87;0;0
10/04/2026;07:56;Varanges;12.7;78;0;0
10/04/2026;07:56;Genlis;13.3;76;0;0
10/04/2026;09:21;Varanges;13.9;72;0;0
10/04/2026;10:32;Varanges;15.4;68;0;0
10/04/2026;11:34;Varanges;18.1;64;0;0
10/04/2026;12:36;Varanges;20.1;58;0;0
10/04/2026;14:04;Varanges;19.5;61;0;0
10/04/2026;15:06;Varanges;19;63;0;0
10/04/2026;16:05;Varanges;18.4;62;0;0
10/04/2026;17:03;Varanges;17.7;66;0;0
10/04/2026;17:58;Varanges;16.2;70;0;0
10/04/2026;19:08;Varanges;14.2;76;0;0
10/04/2026;22:51;Varanges;9.9;89;0;0
11/04/2026;03:15;Varanges;6.6;92;0;0
11/04/2026;05:10;Varanges;5.5;94;0;0
11/04/2026;06:36;Varanges;7.2;96;0;0
11/04/2026;07:38;Varanges;11.3;91;0;0
11/04/2026;08:25;Varanges;13.3;88;0;0
11/04/2026;09:07;Varanges;15.5;84;0;0
11/04/2026;09:07;Genlis;15.9;81;0;0
11/04/2026;10:01;Varanges;18.3;79;0;0
11/04/2026;10:01;Genlis;20.6;71;0;0
11/04/2026;10:51;Varanges;19.4;74;0;0
11/04/2026;10:51;Genlis;20.7;66;0;0
11/04/2026;11:39;Varanges;20.5;70;0;0
11/04/2026;11:39;Genlis;21.3;65;0;0
11/04/2026;12:01;Varanges;20.7;70;0;0
11/04/2026;12:01;Genlis;21.6;64;0;0
11/04/2026;13:19;Varanges;18.8;73;0;0
11/04/2026;13:19;Genlis;20.3;65;0;0
11/04/2026;14:05;Genlis;18.1;80;0.1;0.1
11/04/2026;16:17;Varanges;16.8;89;0;0.2
11/04/2026;16:17;Genlis;17;89;0;0.2
11/04/2026;17:02;Genlis;16.5;91;0.1;0.3
11/04/2026;17:46;Genlis;14.4;91;1.52;1.82
11/04/2026;19:08;Varanges;13;90;1.21;3.43
11/04/2026;19:08;Genlis;13.1;92;1.31;4.04
11/04/2026;19:54;Varanges;12.2;92;1.82;4.65
11/04/2026;19:54;Genlis;12.4;93;1.72;5.25
11/04/2026;20:48;Varanges;11.5;93;0.91;5.56
11/04/2026;20:48;Genlis;11.8;94;1.11;6.36
11/04/2026;21:45;Varanges;10.7;92;2.42;7.78
11/04/2026;21:45;Genlis;10.7;93;2.32;8.48
11/04/2026;22:14;Varanges;9.7;92;2.12;0.3
11/04/2026;22:14;Genlis;9.7;93;2.22;0.4
11/04/2026;22:58;Varanges;8.7;93;3.33;3.33
11/04/2026;22:58;Genlis;8.6;94;3.74;3.74
11/04/2026;23:48;Varanges;8.3;94;2.32;4.85
11/04/2026;23:48;Genlis;8.5;95;2.53;5.25
12/04/2026;03:40;Varanges;7.8;95;0;6.87
12/04/2026;03:40;Genlis;8;95;0;8.38
12/04/2026;05:46;Varanges;7.3;95;0;6.87
12/04/2026;05:46;Genlis;7.2;95;0;8.38
12/04/2026;06:58;Varanges;7.6;95;0;6.87
12/04/2026;06:58;Genlis;7.5;95;0;8.38
12/04/2026;08:07;Varanges;8.1;94;0;6.87
12/04/2026;08:07;Genlis;7.9;95;0;8.38
12/04/2026;09:09;Varanges;8.5;93;0;6.87
12/04/2026;09:09;Genlis;8.4;95;0;8.38
12/04/2026;10:04;Varanges;9;90;0;6.87
12/04/2026;10:04;Genlis;9;94;0;8.38
12/04/2026;10:57;Varanges;9.2;87;0;6.87
12/04/2026;10:57;Genlis;9.7;91;0;8.38
12/04/2026;11:45;Varanges;9.5;86;0;6.87
12/04/2026;11:45;Genlis;10;89;0;8.38
12/04/2026;12:27;Varanges;9.5;84;0.1;6.97
12/04/2026;12:27;Genlis;10.1;88;0;8.38
12/04/2026;13:40;Varanges;9.5;84;0;6.97
12/04/2026;13:40;Genlis;9.9;88;0;8.38
12/04/2026;14:26;Varanges;9.3;85;0.1;7.07
12/04/2026;14:26;Genlis;9.7;88;0.1;8.48
12/04/2026;15:06;Varanges;8.7;86;0.2;7.17
12/04/2026;15:06;Genlis;9.3;90;0.3;8.69
12/04/2026;15:49;Varanges;8.2;88;0.4;7.47
12/04/2026;15:49;Genlis;8.6;92;0.51;9.09
12/04/2026;16:53;Varanges;7.7;90;0.61;8.18
12/04/2026;16:53;Genlis;7.8;93;0.61;9.8
12/04/2026;17:48;Varanges;7.1;92;0.51;8.69
12/04/2026;17:48;Genlis;7.1;93;0.4;10.1
12/04/2026;19:04;Varanges;6.5;92;0.1;8.79
12/04/2026;19:04;Genlis;6.4;94;0.2;10.3
12/04/2026;19:49;Varanges;6.3;93;0.1;8.89
12/04/2026;19:49;Genlis;6.2;94;0;10.3
12/04/2026;20:49;Varanges;6.1;93;0.1;8.99
12/04/2026;20:49;Genlis;6.2;95;0;10.4
12/04/2026;21:48;Varanges;6;94;0.1;9.09
12/04/2026;21:48;Genlis;6;95;0.1;10.5
12/04/2026;22:50;Varanges;5.9;94;0.4;0.4
12/04/2026;22:50;Genlis;5.8;95;0.3;0.3
12/04/2026;23:48;Varanges;5.6;94;0.51;0.91
12/04/2026;23:48;Genlis;5.6;95;0.51;0.91
13/04/2026;03:48;Varanges;5.5;95;0.3;3.23
13/04/2026;03:48;Genlis;5.4;95;0.2;2.42
13/04/2026;06:24;Varanges;5.8;96;0;3.74
13/04/2026;06:24;Genlis;5.7;95;0;2.93
13/04/2026;08:27;Varanges;6.4;96;0.3;4.44
13/04/2026;08:27;Genlis;6.3;96;0.3;3.74
13/04/2026;10:22;Varanges;8;94;0.1;4.85
13/04/2026;10:22;Genlis;7.8;95;0.2;4.34
13/04/2026;11:48;Varanges;9.5;88;0;4.85
13/04/2026;11:48;Genlis;9.3;93;0;4.34
13/04/2026;14:03;Varanges;9.4;85;0;4.85
13/04/2026;14:03;Genlis;9.9;90;0;4.34
13/04/2026;15:41;Varanges;9.5;87;0;4.85
13/04/2026;15:41;Genlis;10.2;90;0;4.34
13/04/2026;16:46;Varanges;9.3;89;0;4.85
13/04/2026;16:46;Genlis;9.6;92;0.1;4.44
13/04/2026;17:45;Varanges;9;91;0;4.85
13/04/2026;17:45;Genlis;9.3;93;0;4.44
13/04/2026;18:53;Varanges;8.3;93;0.1;4.95
13/04/2026;18:53;Genlis;8.5;94;0.1;4.55
13/04/2026;20:10;Varanges;7.6;94;0.1;5.05
13/04/2026;20:10;Genlis;7.9;95;0.1;4.65
13/04/2026;21:11;Varanges;7;94;0;5.05
13/04/2026;21:11;Genlis;7.2;95;0;4.65
14/04/2026;03:35;Varanges;5.7;97;0;0
14/04/2026;03:35;Genlis;6;96;0.1;0.1
14/04/2026;05:51;Varanges;3.5;96;0;0.1
14/04/2026;05:51;Genlis;3.8;96;0;0.1
14/04/2026;08:00;Varanges;7.9;97;0;0.1
14/04/2026;09:44;Varanges;11.8;91;0;0.1
14/04/2026;09:44;Genlis;13.2;93;0;0.1
14/04/2026;10:51;Varanges;15.1;74;0;0.1
14/04/2026;10:51;Genlis;17.3;63;0;0.1
14/04/2026;12:05;Varanges;15.7;66;0;0.1
14/04/2026;14:08;Varanges;16.8;57;0;0.1
14/04/2026;15:46;Varanges;17.2;57;0;0.1
14/04/2026;16:50;Varanges;16;59;0;0.1
14/04/2026;18:15;Varanges;12.5;68;0;0.1
14/04/2026;18:15;Genlis;13.2;62;0;0.1
14/04/2026;19:46;Varanges;8;84;0;0.1
14/04/2026;19:46;Genlis;8.5;79;0;0.1
14/04/2026;20:40;Varanges;6.7;87;0;0.1
14/04/2026;20:40;Genlis;7.6;84;0;0.1
14/04/2026;21:35;Varanges;5.6;90;0;0.1
14/04/2026;21:35;Genlis;6.6;88;0;0.1
14/04/2026;22:30;Varanges;5.8;91;0;0
14/04/2026;22:30;Genlis;6;90;0;0
14/04/2026;23:29;Varanges;5.5;90;0;0
14/04/2026;23:29;Genlis;5.3;91;0;0
15/04/2026;01:08;Varanges;4.4;92;0;0
15/04/2026;01:08;Genlis;4.1;92;0;0
15/04/2026;04:22;Varanges;2.2;95;0;0
15/04/2026;04:22;Genlis;3;94;0;0
15/04/2026;06:15;Varanges;3.5;96;0;0
15/04/2026;06:15;Genlis;3.1;95;0;0
15/04/2026;08:10;Varanges;10.1;89;0;0
15/04/2026;08:10;Genlis;8.3;94;0;0
15/04/2026;09:54;Varanges;14.3;74;0;0
15/04/2026;09:54;Genlis;16.6;71;0;0
15/04/2026;11:12;Varanges;17.9;63;0;0
15/04/2026;11:12;Genlis;20;55;0;0
15/04/2026;12:09;Varanges;18.8;59;0;0
15/04/2026;14:08;Varanges;19.2;57;0;0
15/04/2026;15:44;Varanges;21;55;0;0
15/04/2026;16:44;Varanges;20;52;0;0
15/04/2026;17:52;Varanges;18.1;59;0;0
15/04/2026;17:52;Genlis;17.9;55;0;0
15/04/2026;19:40;Varanges;11.6;79;0;0
15/04/2026;19:40;Genlis;12.5;73;0;0
15/04/2026;20:33;Varanges;9.8;87;0;0
15/04/2026;20:33;Genlis;10.4;81;0;0
15/04/2026;21:36;Varanges;8.1;89;0;0
15/04/2026;21:36;Genlis;8.9;87;0;0
15/04/2026;22:27;Varanges;7.2;91;0;0
15/04/2026;22:27;Genlis;8.1;89;0;0
15/04/2026;23:28;Varanges;6.8;93;0;0
15/04/2026;23:28;Genlis;7.6;92;0;0
16/04/2026;01:12;Varanges;8.4;95;0;0
16/04/2026;01:12;Genlis;8.9;92;0;0
16/04/2026;04:28;Varanges;8.7;95;0;0
16/04/2026;04:28;Genlis;9.3;93;0;0
16/04/2026;06:24;Varanges;10.1;96;0;0
16/04/2026;06:24;Genlis;10.3;93;0;0
16/04/2026;08:11;Varanges;14;91;0;0
16/04/2026;08:11;Genlis;14;85;0;0
16/04/2026;09:53;Varanges;15.3;83;0;0
16/04/2026;09:53;Genlis;15.4;81;0;0
16/04/2026;11:16;Varanges;19;74;0;0
16/04/2026;11:16;Genlis;20.3;69;0;0
16/04/2026;12:12;Varanges;22.2;58;0;0
16/04/2026;14:18;Varanges;22.5;57;0;0
16/04/2026;16:01;Varanges;23.8;51;0;0
16/04/2026;17:38;Varanges;20;58;0;0
16/04/2026;17:38;Genlis;19.4;55;0;0
16/04/2026;18:48;Varanges;15.4;73;0;0
16/04/2026;18:48;Genlis;15.8;67;0;0
16/04/2026;20:04;Varanges;11.9;82;0;0
16/04/2026;20:04;Genlis;13.1;77;0;0
16/04/2026;21:01;Varanges;11.8;84;0;0
16/04/2026;21:01;Genlis;12.3;82;0;0
16/04/2026;21:55;Varanges;11;86;0;0
16/04/2026;21:55;Genlis;11.5;85;0;0
16/04/2026;22:57;Varanges;10.6;86;0;0
16/04/2026;22:57;Genlis;10.8;87;0;0
16/04/2026;23:53;Varanges;9.5;88;0;0
16/04/2026;23:53;Genlis;10;88;0;0
17/04/2026;03:38;Varanges;6.9;94;0;0
17/04/2026;03:38;Genlis;7.7;92;0;0
17/04/2026;05:53;Varanges;7.5;96;0;0
17/04/2026;05:53;Genlis;7.7;94;0;0
17/04/2026;08:02;Varanges;13;85;0;0
17/04/2026;08:02;Genlis;11.6;89;0;0
17/04/2026;09:42;Varanges;17.1;76;0;0
17/04/2026;09:42;Genlis;19.1;71;0;0
17/04/2026;10:42;Varanges;19.9;68;0;0
17/04/2026;10:42;Genlis;24;57;0;0
17/04/2026;11:37;Varanges;23.2;57;0;0
17/04/2026;11:37;Genlis;26.3;46;0;0
17/04/2026;12:44;Varanges;23.4;50;0;0
17/04/2026;12:44;Genlis;26.9;41;0;0
17/04/2026;14:10;Varanges;23.8;45;0;0
17/04/2026;15:34;Varanges;24.7;42;0;0
17/04/2026;16:36;Varanges;24.1;42;0;0
17/04/2026;17:35;Varanges;22.9;44;0;0
17/04/2026;17:35;Genlis;22.7;39;0;0
17/04/2026;18:36;Varanges;17.3;65;0;0
17/04/2026;18:36;Genlis;18.4;51;0;0
17/04/2026;19:45;Varanges;13.9;75;0;0
17/04/2026;19:45;Genlis;15;66;0;0
17/04/2026;20:29;Varanges;13.1;77;0;0
17/04/2026;20:29;Genlis;14;69;0;0
17/04/2026;21:27;Varanges;11.8;82;0;0
17/04/2026;21:27;Genlis;12.9;76;0;0
17/04/2026;22:22;Varanges;10.4;85;0;0
17/04/2026;22:22;Genlis;12.1;79;0;0
17/04/2026;23:06;Genlis;11;82;0;0
17/04/2026;23:54;Genlis;10.3;84;0;0
18/04/2026;03:26;Varanges;7;93;0;0
18/04/2026;03:26;Genlis;8.1;90;0;0
18/04/2026;05:22;Varanges;6.4;94;0;0
18/04/2026;05:22;Genlis;7.4;92;0;0
18/04/2026;06:43;Varanges;10.7;94;0;0
18/04/2026;06:43;Genlis;10.8;90;0;0
18/04/2026;07:47;Varanges;15.1;82;0;0
18/04/2026;07:47;Genlis;14.3;82;0;0
18/04/2026;08:32;Varanges;17.1;72;0;0
18/04/2026;08:32;Genlis;17.4;69;0;0
18/04/2026;09:34;Varanges;19.1;67;0;0
18/04/2026;09:34;Genlis;20.6;61;0;0
18/04/2026;10:25;Varanges;20.8;61;0;0
18/04/2026;10:25;Genlis;23.8;52;0;0
18/04/2026;11:07;Varanges;23;57;0;0
18/04/2026;11:07;Genlis;26.9;43;0;0
18/04/2026;11:54;Varanges;24.6;50;0;0
18/04/2026;13:22;Varanges;23.6;48;0;0
18/04/2026;14:08;Varanges;24.9;48;0;0
18/04/2026;15:02;Varanges;25.7;44;0;0
18/04/2026;15:50;Varanges;23.4;49;0;0
18/04/2026;16:55;Varanges;22.3;53;0;0
18/04/2026;17:49;Varanges;20.5;60;0;0
18/04/2026;19:05;Varanges;17.6;72;0;0
18/04/2026;19:05;Genlis;18.9;61;0;0
18/04/2026;19:50;Varanges;15.3;80;0;0
18/04/2026;19:50;Genlis;16.8;68;0;0
18/04/2026;20:49;Varanges;14.4;82;0;0
18/04/2026;20:49;Genlis;15.1;75;0;0
18/04/2026;21:48;Varanges;12.4;86;0;0
18/04/2026;21:48;Genlis;13.7;80;0;0
18/04/2026;22:50;Varanges;11.7;89;0;0
18/04/2026;22:50;Genlis;12.9;83;0;0
18/04/2026;23:47;Varanges;10.7;89;0;0
18/04/2026;23:47;Genlis;11.9;85;0;0
19/04/2026;05:50;Varanges;11.6;92;0;0
19/04/2026;05:50;Genlis;11.9;90;0;0
19/04/2026;07:43;Varanges;13.1;83;0;0
19/04/2026;07:43;Genlis;13.2;83;0;0
19/04/2026;08:36;Varanges;14;80;0;0
19/04/2026;08:36;Genlis;14.4;77;0;0
19/04/2026;09:33;Varanges;15.2;75;0;0
19/04/2026;09:33;Genlis;15.5;72;0;0
19/04/2026;10:25;Genlis;15.9;67;0;0
19/04/2026;11:07;Varanges;18.5;61;0;0
19/04/2026;11:07;Genlis;20.4;58;0;0
19/04/2026;11:55;Varanges;20;52;0;0
19/04/2026;13:22;Varanges;19.5;49;0;0
19/04/2026;14:07;Varanges;19.8;49;0;0
19/04/2026;15:03;Varanges;20.4;48;0;0
19/04/2026;15:50;Varanges;20.7;41;0;0
19/04/2026;16:55;Varanges;19.2;47;0;0
19/04/2026;17:49;Varanges;17.1;53;0;0
19/04/2026;19:04;Varanges;12.8;62;0;0
19/04/2026;19:04;Genlis;14;54;0;0
19/04/2026;19:49;Varanges;11;67;0;0
19/04/2026;19:49;Genlis;12.7;58;0;0
19/04/2026;20:50;Varanges;9.5;74;0;0
19/04/2026;20:50;Genlis;11.2;64;0;0
19/04/2026;21:48;Varanges;8.3;77;0;0
19/04/2026;21:48;Genlis;9.3;71;0;0
19/04/2026;22:51;Varanges;7.7;79;0;0
19/04/2026;22:51;Genlis;8.4;74;0;0
19/04/2026;23:49;Varanges;7.1;81;0;0
19/04/2026;23:49;Genlis;7.8;77;0;0
20/04/2026;03:48;Varanges;4.3;87;0;0
20/04/2026;03:48;Genlis;4.6;85;0;0
20/04/2026;06:25;Varanges;5.5;91;0;0
20/04/2026;06:25;Genlis;5.2;89;0;0
20/04/2026;08:32;Varanges;12.5;72;0;0
20/04/2026;08:32;Genlis;11.4;71;0;0
20/04/2026;10:23;Varanges;17.1;53;0;0
20/04/2026;10:23;Genlis;19.9;41;0;0
20/04/2026;11:49;Varanges;19.2;45;0;0
20/04/2026;11:49;Genlis;21.1;36;0;0
20/04/2026;14:06;Varanges;19.5;46;0;0
20/04/2026;15:41;Varanges;19.7;45;0;0
20/04/2026;16:45;Varanges;19.7;44;0;0
20/04/2026;17:43;Varanges;17.3;49;0;0
20/04/2026;18:43;Varanges;13.9;56;0;0
20/04/2026;18:43;Genlis;14.5;51;0;0
20/04/2026;19:46;Varanges;10.6;66;0;0
20/04/2026;19:46;Genlis;12.1;57;0;0
20/04/2026;20:30;Varanges;9.5;71;0;0
20/04/2026;20:30;Genlis;10.9;62;0;0
20/04/2026;21:33;Varanges;9;74;0;0
20/04/2026;21:33;Genlis;10.4;65;0;0
20/04/2026;22:29;Varanges;9;74;0;0
20/04/2026;22:29;Genlis;9.7;67;0;0
20/04/2026;23:28;Varanges;7.5;77;0;0
20/04/2026;23:28;Genlis;8.7;70;0;0
21/04/2026;01:09;Varanges;6;81;0;0
21/04/2026;01:09;Genlis;6.3;76;0;0
21/04/2026;04:25;Varanges;4;84;0;0
21/04/2026;04:25;Genlis;4.1;82;0;0
21/04/2026;06:19;Genlis;5.2;82;0;0
21/04/2026;08:14;Varanges;10.7;68;0;0
21/04/2026;08:14;Genlis;9.6;69;0;0
21/04/2026;09:57;Varanges;14;60;0;0
21/04/2026;09:57;Genlis;17.4;49;0;0
21/04/2026;11:20;Varanges;18;49;0;0
21/04/2026;12:12;Varanges;18.5;46;0;0
21/04/2026;14:13;Varanges;18.8;46;0;0
21/04/2026;15:49;Varanges;19.3;44;0;0
21/04/2026;17:14;Varanges;17.3;45;0;0
21/04/2026;18:36;Varanges;13.2;52;0;0
21/04/2026;19:51;Varanges;10.8;61;0;0
21/04/2026;19:51;Genlis;11.7;55;0;0
21/04/2026;21:01;Varanges;9.1;68;0;0
21/04/2026;21:01;Genlis;10.1;63;0;0
21/04/2026;21:55;Varanges;7.9;73;0;0
21/04/2026;21:55;Genlis;9;67;0;0
21/04/2026;22:54;Varanges;7;76;0;0
21/04/2026;22:54;Genlis;8.1;70;0;0
21/04/2026;23:48;Varanges;6.2;80;0;0
21/04/2026;23:48;Genlis;7.4;73;0;0
22/04/2026;03:36;Genlis;5.7;80;0;0
22/04/2026;05:52;Varanges;5.4;85;0;0
22/04/2026;05:52;Genlis;5.8;82;0;0
22/04/2026;08:03;Varanges;11.1;68;0;0
22/04/2026;08:03;Genlis;10.1;68;0;0
22/04/2026;09:46;Varanges;14.1;59;0;0
22/04/2026;09:46;Genlis;16.5;49;0;0
22/04/2026;10:53;Varanges;17.3;52;0;0
22/04/2026;12:05;Varanges;19.1;46;0;0
22/04/2026;14:05;Varanges;19.6;43;0;0
22/04/2026;15:37;Varanges;20.1;40;0;0
22/04/2026;16:43;Varanges;18.9;42;0;0
22/04/2026;17:44;Varanges;16.5;46;0;0
22/04/2026;18:48;Varanges;13.8;48;0;0
22/04/2026;20:12;Varanges;11.5;54;0;0
22/04/2026;21:12;Varanges;10.6;56;0;0
22/04/2026;22:08;Varanges;8.4;64;0;0
22/04/2026;23:11;Varanges;7.7;66;0;0
23/04/2026;00:06;Varanges;7.3;68;0;0
23/04/2026;03:44;Varanges;3.5;78;0;0
23/04/2026;08:08;Varanges;12.9;58;0;0
23/04/2026;10:01;Varanges;17;50;0;0
23/04/2026;11:19;Varanges;21.3;40;0;0
23/04/2026;12:12;Varanges;22.1;37;0;0
23/04/2026;14:17;Varanges;23;34;0;0
23/04/2026;16:15;Varanges;23.8;28;0;0
23/04/2026;17:52;Varanges;21.4;36;0;0
23/04/2026;19:37;Varanges;14;53;0;0
23/04/2026;20:38;Varanges;11.3;61;0;0
23/04/2026;21:32;Varanges;10.1;64;0;0
23/04/2026;22:26;Varanges;9.3;64;0;0
24/04/2026;00:07;Varanges;7.1;71;0;0
24/04/2026;03:55;Varanges;4.6;79;0;0
24/04/2026;08:28;Varanges;14.5;56;0;0
24/04/2026;10:11;Varanges;17.8;48;0;0
24/04/2026;11:38;Varanges;22.7;38;0;0
24/04/2026;12:45;Varanges;23.3;36;0;0
24/04/2026;14:22;Varanges;24.3;35;0;0
24/04/2026;15:44;Varanges;24.7;33;0;0
24/04/2026;16:40;Varanges;25;34;0;0
24/04/2026;17:38;Varanges;22.7;38;0;0
24/04/2026;18:31;Varanges;18.3;44;0;0
24/04/2026;19:39;Varanges;12.9;58;0;0
24/04/2026;22:26;Varanges;10.4;63;0;0
24/04/2026;23:08;Varanges;9.6;65;0;0
25/04/2026;00:00;Varanges;8.3;67;0;0
25/04/2026;08:10;Varanges;13.8;62;0;0
25/04/2026;09:26;Varanges;16.3;55;0;0
25/04/2026;10:11;Varanges;18.4;53;0;0
25/04/2026;11:08;Varanges;23.1;41;0;0
25/04/2026;11:58;Varanges;24.1;36;0;0
25/04/2026;13:35;Varanges;24.2;36;0;0
25/04/2026;14:29;Varanges;24.8;33;0;0
25/04/2026;15:26;Varanges;25.1;34;0;0
25/04/2026;16:05;Varanges;25.1;34;0;0
25/04/2026;16:59;Varanges;25;33;0;0
25/04/2026;17:52;Varanges;22.3;38;0;0
25/04/2026;19:07;Varanges;15.2;59;0;0
25/04/2026;19:58;Varanges;13.3;61;0;0
25/04/2026;20:53;Varanges;12.1;62;0;0
25/04/2026;21:49;Varanges;11.2;61;0;0
26/04/2026;03:51;Varanges;4.5;85;0;0
26/04/2026;06:17;Varanges;6.5;85;0;0
26/04/2026;07:57;Varanges;13.6;64;0;0
26/04/2026;09:11;Varanges;16.3;55;0;0
26/04/2026;10:10;Varanges;18.9;49;0;0
26/04/2026;11:08;Varanges;23;41;0;0
26/04/2026;12:01;Varanges;24.5;36;0;0
26/04/2026;13:37;Varanges;24.5;31;0;0
26/04/2026;14:29;Varanges;24.8;32;0;0
26/04/2026;15:28;Varanges;25;30;0;0
26/04/2026;16:24;Varanges;25.1;31;0;0
26/04/2026;17:08;Varanges;23.6;34;0;0
26/04/2026;18:02;Varanges;21.1;42;0;0
26/04/2026;19:09;Varanges;15.4;55;0;0
26/04/2026;20:00;Varanges;13.7;58;0;0
26/04/2026;20:53;Varanges;11.8;64;0;0
26/04/2026;21:50;Varanges;11.3;67;0;0
26/04/2026;23:52;Varanges;9;70;0;0
27/04/2026;03:54;Varanges;6.3;80;0;0
27/04/2026;09:08;Varanges;16.7;57;0;0
27/04/2026;11:21;Varanges;23.6;44;0;0
27/04/2026;11:21;Genlis;20.4;53;0;0
27/04/2026;11:24;Varanges;23.6;44;0;0
27/04/2026;11:24;Genlis;20.4;53;0;0
27/04/2026;12:12;Varanges;24.9;39;0;0
27/04/2026;12:12;Genlis;21.7;47;0;0
27/04/2026;12:58;Varanges;25;38;0;0
27/04/2026;12:58;Genlis;22.1;45;0;0
27/04/2026;15:15;Varanges;25.9;34;0;0
27/04/2026;15:15;Genlis;22.6;40;0;0
27/04/2026;17:01;Varanges;24.6;38;0;0
27/04/2026;18:15;Varanges;20.9;50;0;0
27/04/2026;19:52;Varanges;14.7;62;0;0
27/04/2026;19:52;Genlis;17.1;52;0;0
27/04/2026;21:13;Genlis;15;58;0;0
27/04/2026;22:12;Varanges;10.5;75;0;0
27/04/2026;22:12;Genlis;12.5;66;0;0
27/04/2026;23:14;Genlis;10.9;72;0;0
28/04/2026;00:10;Genlis;10.4;74;0;0
28/04/2026;04:10;Varanges;8.1;83;0;0
28/04/2026;04:10;Genlis;9.2;77;0;0
28/04/2026;07:11;Genlis;12.4;72;0;0
28/04/2026;09:38;Varanges;17.6;60;0;0
28/04/2026;09:38;Genlis;19.3;53;0;0
28/04/2026;11:27;Varanges;20.7;54;0;0
28/04/2026;11:27;Genlis;22;49;0;0
28/04/2026;13:18;Genlis;23.5;49;0;0
28/04/2026;15:42;Varanges;19.4;64;0;0
28/04/2026;15:42;Genlis;20.4;57;0;0
28/04/2026;17:23;Varanges;17.6;74;0;0
28/04/2026;17:23;Genlis;18.6;67;0;0
28/04/2026;19:03;Varanges;15.6;80;0;0
28/04/2026;19:03;Genlis;16.8;74;0;0
28/04/2026;20:24;Varanges;14.8;82;0;0
28/04/2026;20:24;Genlis;15.5;77;0;0
28/04/2026;21:35;Genlis;15.2;79;0;0
28/04/2026;22:39;Varanges;11.9;87;0;0
28/04/2026;22:39;Genlis;12.7;83;0;0
28/04/2026;23:39;Genlis;13.2;86;0;0
29/04/2026;01:25;Genlis;12.5;87;0;0
29/04/2026;04:52;Varanges;9.5;93;0;0
29/04/2026;04:52;Genlis;9.9;92;0;0
29/04/2026;07:31;Varanges;16.8;77;0;0
29/04/2026;07:31;Genlis;15.5;77;0;0
29/04/2026;09:51;Varanges;20.3;58;0;0
29/04/2026;09:51;Genlis;22.9;50;0;0
29/04/2026;11:49;Varanges;23.2;53;0;0
29/04/2026;11:49;Genlis;20.7;60;0;0
29/04/2026;14:26;Varanges;23.9;50;0;0
29/04/2026;16:13;Varanges;23.5;48;0;0
29/04/2026;16:13;Genlis;22.2;53;0;0
29/04/2026;17:54;Varanges;21;46;0;0
29/04/2026;17:54;Genlis;21.9;42;0;0
29/04/2026;19:48;Varanges;16.5;58;0;0
29/04/2026;19:48;Genlis;18.1;50;0;0
29/04/2026;21:16;Varanges;15.8;54;0;0
29/04/2026;21:16;Genlis;17;48;0;0
29/04/2026;22:28;Genlis;14.1;56;0;0
29/04/2026;23:37;Genlis;11.9;62;0;0
30/04/2026;01:23;Varanges;9.3;70;0;0
30/04/2026;01:23;Genlis;10.8;62;0;0
30/04/2026;04:52;Genlis;8.3;63;0;0
30/04/2026;07:35;Varanges;14.7;54;0;0
30/04/2026;07:35;Genlis;13.8;53;0;0
30/04/2026;09:52;Genlis;22.3;41;0;0
30/04/2026;11:49;Varanges;23.8;45;0;0
30/04/2026;11:49;Genlis;20.3;55;0;0
30/04/2026;14:20;Varanges;25;44;0;0
30/04/2026;14:20;Genlis;21.6;53;0;0
30/04/2026;15:58;Varanges;25;42;0;0
30/04/2026;17:40;Varanges;22.9;40;0;0
30/04/2026;18:58;Varanges;17.4;51;0;0
30/04/2026;18:58;Genlis;19.4;42;0;0
30/04/2026;20:16;Varanges;13.6;60;0;0
30/04/2026;20:16;Genlis;15.4;51;0;0
30/04/2026;21:30;Varanges;12.2;62;0;0
30/04/2026;21:30;Genlis;13.4;54;0;0
30/04/2026;22:36;Genlis;11.7;58;0;0
30/04/2026;23:36;Genlis;10.6;60;0;0
01/05/2026;01:27;Varanges;9.1;66;0;0
01/05/2026;01:27;Genlis;9.1;64;0;0
01/05/2026;05:28;Varanges;6.7;75;0;0
01/05/2026;05:28;Genlis;7.5;66;0;0
01/05/2026;07:52;Varanges;14.6;55;0;0
01/05/2026;07:52;Genlis;13.5;56;0;0
01/05/2026;09:55;Genlis;23.2;50;0;0
01/05/2026;12:10;Varanges;25.8;53;0;0
01/05/2026;12:10;Genlis;21.7;63;0;0
01/05/2026;13:57;Varanges;26.7;51;0;0
01/05/2026;17:43;Varanges;26;47;0;0
01/05/2026;19:55;Varanges;16.3;73;0;0
01/05/2026;19:55;Genlis;17.8;67;0;0
01/05/2026;22:01;Genlis;15.2;76;0;0
02/05/2026;03:45;Genlis;12.2;78;0;0
02/05/2026;07:57;Varanges;16.9;68;0;0
02/05/2026;07:57;Genlis;17.3;63;0;0
02/05/2026;09:48;Varanges;20.5;60;0;0
02/05/2026;09:48;Genlis;24.4;46;0;0
02/05/2026;10:26;Genlis;24.8;42;0;0
02/05/2026;11:23;Varanges;25;42;0;0
02/05/2026;11:23;Genlis;26.3;37;0;0
02/05/2026;13:27;Varanges;25.6;37;0;0
02/05/2026;13:27;Genlis;25.3;42;0.1;0.1
02/05/2026;13:43;Varanges;25.6;37;0;0
02/05/2026;13:43;Genlis;25.2;42;0.1;0.1
02/05/2026;15:33;Varanges;25.9;36;0;0
02/05/2026;16:31;Varanges;25.1;36;0;0
02/05/2026;16:31;Genlis;26.9;31;0;0
03/05/2026;13:43;Genlis;18.6;54;0;0
03/05/2026;14:35;Varanges;18;62;0;0
03/05/2026;14:35;Genlis;18.9;56;0;0
03/05/2026;15:32;Varanges;19;61;0;0
03/05/2026;15:32;Genlis;20.1;53;0;0
03/05/2026;16:30;Varanges;19.3;54;0;0
03/05/2026;16:30;Genlis;20;44;0;0
03/05/2026;17:32;Varanges;19;50;0;0
03/05/2026;17:32;Genlis;19.5;44;0;0
03/05/2026;18:36;Varanges;15.9;58;0;0
03/05/2026;18:36;Genlis;16.8;53;0;0
03/05/2026;19:41;Genlis;15.3;61;0;0
03/05/2026;20:25;Genlis;14.2;66;0;0
03/05/2026;21:09;Genlis;14.7;67;0;0
03/05/2026;22:05;Genlis;11.4;73;0;0
03/05/2026;23:01;Genlis;11.7;76;0;0
03/05/2026;23:58;Genlis;10.8;79;0;0
04/05/2026;04:02;Varanges;9.2;92;0;0
04/05/2026;04:02;Genlis;9.8;91;0;0
04/05/2026;06:49;Genlis;12;93;0.2;0.3
04/05/2026;09:29;Varanges;13;90;0.4;0.91
04/05/2026;09:29;Genlis;13;91;0.4;0.71
04/05/2026;11:27;Varanges;15.2;81;0;0.91
04/05/2026;11:27;Genlis;15.6;80;0;0.81
04/05/2026;13:12;Varanges;15.9;77;0.1;1.01
04/05/2026;13:12;Genlis;16.6;74;0;0.81
04/05/2026;15:27;Varanges;14.8;83;0;1.01
04/05/2026;15:27;Genlis;15.7;78;0;0.81
04/05/2026;17:16;Varanges;16;82;0;1.01
04/05/2026;17:16;Genlis;16.6;77;0;0.81
04/05/2026;19:01;Varanges;14.1;84;0;1.01
04/05/2026;19:01;Genlis;14.6;83;0;0.81
04/05/2026;20:24;Genlis;12.7;86;0;0.81
04/05/2026;21:35;Genlis;11.7;88;0;0.81
04/05/2026;22:40;Varanges;10.3;94;0;0
04/05/2026;22:40;Genlis;9.6;92;0;0
04/05/2026;23:37;Varanges;10.6;94;0;0
04/05/2026;23:37;Genlis;9.9;94;0;0
05/05/2026;01:20;Varanges;11.4;95;0.1;0.1
05/05/2026;01:20;Genlis;11.4;94;0;0
05/05/2026;04:35;Genlis;11.9;94;0.71;2.12
05/05/2026;07:05;Varanges;12.8;96;0;2.53
05/05/2026;07:05;Genlis;13;95;0.1;2.83
05/05/2026;09:17;Varanges;14;93;0;2.53
05/05/2026;09:17;Genlis;14.5;93;0;2.83
05/05/2026;10:57;Varanges;16.7;90;0;3.03
05/05/2026;10:57;Genlis;16.5;91;0;2.93
05/05/2026;12:10;Varanges;15.7;92;0.1;4.04
05/05/2026;12:10;Genlis;16.3;94;0.71;3.94
05/05/2026;14:30;Varanges;17.5;88;0;4.14
05/05/2026;14:30;Genlis;18.1;87;0;3.94
05/05/2026;16:14;Varanges;15.5;88;0;4.14
05/05/2026;16:14;Genlis;16.3;86;0;3.94
05/05/2026;17:57;Varanges;16;83;0;4.14
05/05/2026;17:57;Genlis;16.6;81;0;3.94
05/05/2026;19:48;Varanges;12;92;0;4.44
05/05/2026;19:48;Genlis;12.3;93;0.1;4.14
05/05/2026;21:11;Genlis;12.7;96;0.91;4.04
05/05/2026;22:28;Varanges;10.5;94;0;0
05/05/2026;22:28;Genlis;11.7;100;0.2;0
05/05/2026;23:34;Genlis;11.8;100;0;0
06/05/2026;01:18;Genlis;11.6;100;0;0
06/05/2026;04:49;Genlis;9.8;100;0;0
06/05/2026;07:41;Varanges;11.7;97;0;0
06/05/2026;07:41;Genlis;12;95;0;0.1
06/05/2026;10:03;Varanges;13;96;0.51;0.61
06/05/2026;10:03;Genlis;13;96;0.51;0.71
06/05/2026;12:02;Varanges;13.8;94;0.3;1.01
06/05/2026;12:02;Genlis;13.8;95;0;0.91
06/05/2026;14:40;Varanges;13.4;93;0.1;5.25
06/05/2026;14:40;Genlis;13.4;95;0.2;3.54
06/05/2026;16:18;Varanges;11;94;0.51;5.76
06/05/2026;16:18;Genlis;11.1;95;0.71;4.24
06/05/2026;17:56;Varanges;10.8;95;1.01;7.17
06/05/2026;17:56;Genlis;10.9;95;0.51;5.56
06/05/2026;19:58;Varanges;10.7;96;0.1;7.58
06/05/2026;19:58;Genlis;10.8;96;0.1;6.16
06/05/2026;21:19;Varanges;10.2;96;0.1;7.68
06/05/2026;21:19;Genlis;10;96;0;6.26
06/05/2026;22:11;Varanges;9.8;96;0;0
06/05/2026;22:11;Genlis;9.8;96;0;0
06/05/2026;23:10;Genlis;9.3;96;0;0
07/05/2026;00:09;Genlis;10.3;98;0;0
07/05/2026;04:10;Varanges;8.2;97;0;0
07/05/2026;04:10;Genlis;8.4;96;0;0.1
07/05/2026;07:23;Varanges;12.2;97;0;0
07/05/2026;07:23;Genlis;10.1;96;0;0.1
07/05/2026;09:58;Genlis;21.7;67;0;0.1
07/05/2026;12:00;Varanges;17.5;67;0;0
07/05/2026;12:00;Genlis;19;66;0;0.1
07/05/2026;14:43;Varanges;19.3;60;0;0
07/05/2026;14:43;Genlis;23.2;48;0;0.1
07/05/2026;16:27;Varanges;17.4;64;0;0
07/05/2026;16:27;Genlis;17.4;65;0;0.1
07/05/2026;18:14;Varanges;16.2;70;0;0
07/05/2026;18:14;Genlis;15.2;75;0;0.1
07/05/2026;19:57;Varanges;10.7;84;0;0
07/05/2026;19:57;Genlis;11.5;80;0;0.1
07/05/2026;21:12;Varanges;8.8;90;0;0
07/05/2026;21:12;Genlis;9.7;87;0;0.1
07/05/2026;22:32;Varanges;7.7;91;0;0
07/05/2026;22:32;Genlis;8.3;90;0;0
07/05/2026;23:36;Varanges;7.4;93;0;0
07/05/2026;23:36;Genlis;7.7;91;0;0
08/05/2026;01:26;Varanges;6.5;94;0;0
08/05/2026;01:26;Genlis;6.5;92;0;0
08/05/2026;04:38;Varanges;5.1;95;0;0
08/05/2026;04:38;Genlis;4.9;93;0;0
08/05/2026;06:22;Varanges;8.8;97;0;0
08/05/2026;06:22;Genlis;7;94;0;0
08/05/2026;08:04;Varanges;12.6;89;0;0
08/05/2026;08:04;Genlis;12.6;90;0;0
08/05/2026;09:49;Varanges;16.9;76;0;0
08/05/2026;09:49;Genlis;21.3;63;0;0
08/05/2026;11:40;Varanges;22.4;55;0;0
08/05/2026;11:40;Genlis;26.9;43;0;0
08/05/2026;12:59;Varanges;22.9;52;0;0
08/05/2026;12:59;Genlis;19.2;62;0;0
08/05/2026;15:01;Varanges;24.2;48;0;0
08/05/2026;16:25;Varanges;24.3;45;0;0
08/05/2026;17:51;Varanges;22;49;0;0
08/05/2026;19:41;Varanges;15;71;0;0
08/05/2026;19:41;Genlis;17.3;58;0;0
08/05/2026;20:40;Genlis;14.5;68;0;0
08/05/2026;21:42;Genlis;13.5;74;0;0
08/05/2026;22:38;Varanges;10.2;87;0;0
08/05/2026;22:38;Genlis;12.2;79;0;0
08/05/2026;23:40;Varanges;10.6;88;0;0
08/05/2026;23:40;Genlis;11.8;82;0;0
09/05/2026;01:23;Varanges;10.2;90;0;0
09/05/2026;01:23;Genlis;10.9;86;0;0
09/05/2026;04:44;Varanges;9.4;93;0;0
09/05/2026;04:44;Genlis;9.3;90;0;0
09/05/2026;06:59;Varanges;16;82;0;0
09/05/2026;06:59;Genlis;14.2;86;0;0
09/05/2026;08:47;Varanges;17.5;75;0;0
09/05/2026;08:47;Genlis;21.2;62;0;0
09/05/2026;10:15;Varanges;21;67;0;0
09/05/2026;10:15;Genlis;20.6;67;0;0
09/05/2026;11:24;Varanges;25.5;53;0;0
09/05/2026;11:24;Genlis;28.5;42;0;0
09/05/2026;12:08;Varanges;25.9;49;0;0
09/05/2026;13:56;Varanges;26.4;48;0;0
09/05/2026;15:05;Varanges;25.9;48;0;0
09/05/2026;16:04;Varanges;26.7;45;0;0
09/05/2026;17:08;Varanges;27.3;50;0;0
09/05/2026;18:11;Varanges;24.1;57;0;0
09/05/2026;19:38;Varanges;18.3;71;0;0
09/05/2026;20:26;Varanges;17;77;0;0
09/05/2026;20:26;Genlis;18.2;74;0;0
09/05/2026;21:10;Varanges;15.6;81;0;0
09/05/2026;21:10;Genlis;17.9;68;0;0
09/05/2026;22:05;Varanges;15;83;0;0
09/05/2026;22:05;Genlis;16.6;72;0;0
09/05/2026;23:01;Varanges;14.6;84;0;0
09/05/2026;23:01;Genlis;16;75;0;0
09/05/2026;23:58;Varanges;14.4;85;0;0
09/05/2026;23:58;Genlis;15.7;75;0;0
10/05/2026;04:08;Varanges;12.7;91;0.1;0.3
10/05/2026;04:08;Genlis;13.8;87;0;0
10/05/2026;07:09;Genlis;14.4;89;0.1;0.2
10/05/2026;09:10;Varanges;16.6;84;0;0.4
10/05/2026;09:10;Genlis;17.4;81;0;0.2
10/05/2026;10:43;Varanges;15.2;89;0.71;1.11
10/05/2026;10:43;Genlis;15.5;89;0.51;0.71
10/05/2026;11:35;Varanges;15.5;91;0.71;1.82
10/05/2026;11:35;Genlis;15.5;90;0.51;1.21
10/05/2026;12:41;Varanges;15.5;92;1.21;3.03
10/05/2026;12:41;Genlis;15.5;92;1.31;2.73
10/05/2026;14:08;Varanges;16.8;89;0.1;3.54
10/05/2026;14:08;Genlis;17.7;91;0.1;3.13
10/05/2026;15:29;Varanges;17;88;0.1;3.74
10/05/2026;15:29;Genlis;17.1;90;0.1;3.23
10/05/2026;16:36;Varanges;15.9;90;0;3.74
10/05/2026;16:36;Genlis;16.6;90;0;3.23
10/05/2026;17:37;Varanges;16.4;90;0;3.74
10/05/2026;17:37;Genlis;17.2;89;0;3.23
10/05/2026;18:38;Varanges;15.1;91;0;3.74
10/05/2026;18:38;Genlis;16.3;90;0;3.23
10/05/2026;19:46;Genlis;13.9;91;0;3.23
10/05/2026;20:32;Genlis;13;93;0;3.23
10/05/2026;21:33;Genlis;12.2;93;0;3.23
10/05/2026;22:29;Genlis;12.7;98;0;0
10/05/2026;23:35;Varanges;11.5;96;0;0
10/05/2026;23:35;Genlis;12.2;93;0;0
11/05/2026;01:30;Varanges;11.9;96;0;0
11/05/2026;01:30;Genlis;12.4;93;0;0
11/05/2026;05:43;Varanges;11.3;97;1.62;2.12
11/05/2026;05:43;Genlis;11.5;94;2.63;3.23
11/05/2026;08:48;Varanges;12.7;98;0;5.35
11/05/2026;08:48;Genlis;12.6;95;0.1;6.97
11/05/2026;12:19;Varanges;16.7;89;0.81;6.97
11/05/2026;12:19;Genlis;17;88;0.4;8.18
11/05/2026;15:42;Varanges;13.6;88;0.2;7.68
11/05/2026;15:42;Genlis;13.3;89;0.3;8.89
11/05/2026;17:45;Varanges;11;86;0;7.68
11/05/2026;17:45;Genlis;11.6;87;0;8.89
11/05/2026;19:20;Varanges;9.4;87;0;7.68
11/05/2026;19:20;Genlis;9.7;91;0;8.89
11/05/2026;20:57;Genlis;8.3;91;0;8.89
11/05/2026;22:16;Genlis;6.5;93;0;0
11/05/2026;23:28;Genlis;6.7;94;0;0
12/05/2026;01:24;Varanges;6.9;96;0;0
12/05/2026;01:24;Genlis;7.5;94;0;0
12/05/2026;05:00;Varanges;5.8;92;0;0.3
12/05/2026;05:00;Genlis;6;92;0;0.1
12/05/2026;07:51;Varanges;9.6;74;0;0.3
12/05/2026;07:51;Genlis;9.8;81;0;0.1
12/05/2026;10:39;Varanges;13.9;58;0;0.3
12/05/2026;10:39;Genlis;11.7;65;0;0
12/05/2026;12:28;Varanges;15.6;51;0;0.3
12/05/2026;12:28;Genlis;12.9;64;0;0
12/05/2026;15:33;Varanges;16.7;54;0;0.3
12/05/2026;15:33;Genlis;15.4;59;0;0
12/05/2026;17:49;Varanges;16.3;54;0;0.3
12/05/2026;17:49;Genlis;14.3;60;0;0
12/05/2026;20:05;Varanges;10.6;71;0;0.3
12/05/2026;20:05;Genlis;12.4;60;0;0.1
12/05/2026;21:37;Varanges;8.5;80;0;0.3
12/05/2026;21:37;Genlis;9.8;71;0;0.1
12/05/2026;22:46;Varanges;8.3;80;0;0
12/05/2026;22:46;Genlis;9;74;0;0
12/05/2026;23:45;Varanges;6.5;85;0;0
12/05/2026;23:45;Genlis;7.7;79;0;0
13/05/2026;01:31;Varanges;5;90;0;0
13/05/2026;01:31;Genlis;6;85;0;0
13/05/2026;05:34;Varanges;6;95;0;0
13/05/2026;05:34;Genlis;6.7;91;0;0
13/05/2026;08:24;Varanges;13.1;76;0;0
13/05/2026;08:24;Genlis;13.7;69;0;0
13/05/2026;11:05;Varanges;17.5;57;0;0
13/05/2026;11:05;Genlis;19.5;47;0;0
13/05/2026;13:25;Varanges;17;58;0;0
13/05/2026;13:25;Genlis;18.9;50;0;0
13/05/2026;16:00;Genlis;18.1;47;0;0
13/05/2026;18:07;Genlis;15.6;50;0;0
13/05/2026;20:15;Varanges;9;89;0.71;1.92
13/05/2026;20:15;Genlis;9.3;89;1.11;2.12
13/05/2026;21:49;Genlis;9.7;96;0;2.73
13/05/2026;23:16;Genlis;9.7;95;0.3;0.3
14/05/2026;01:23;Genlis;9.2;96;0.2;0.91
14/05/2026;05:03;Genlis;7.4;100;0;2.32
14/05/2026;07:52;Varanges;11.2;85;0;1.62
14/05/2026;07:52;Genlis;14.5;83;0;2.32
14/05/2026;10:29;Varanges;13;70;0;1.62
14/05/2026;10:29;Genlis;14.2;62;0;2.02
14/05/2026;12:18;Varanges;16;64;0;1.62
14/05/2026;12:18;Genlis;18.2;55;0;2.02
14/05/2026;15:02;Varanges;12.5;78;0;4.14
14/05/2026;15:02;Genlis;13.4;81;0;4.95
14/05/2026;17:06;Genlis;11;81;0.1;5.05
14/05/2026;19:03;Varanges;8.6;85;0;4.14
14/05/2026;19:03;Genlis;8.7;89;0.1;5.45
14/05/2026;20:41;Varanges;7.6;90;0.1;4.24
14/05/2026;20:41;Genlis;8.1;92;0;5.45
14/05/2026;21:52;Genlis;7.8;92;0;5.45
14/05/2026;23:07;Genlis;8.3;100;0;0
15/05/2026;01:19;Varanges;6.5;94;0;0
15/05/2026;01:19;Genlis;7.2;93;0;0
15/05/2026;05:06;Genlis;6.7;94;0;0.91
15/05/2026;08:15;Varanges;9.1;88;0;0.91
15/05/2026;08:15;Genlis;9.5;89;0;0.91
15/05/2026;10:42;Varanges;12.5;66;0.3;1.21
15/05/2026;10:42;Genlis;16.3;59;0.3;1.21
15/05/2026;12:25;Varanges;13.5;65;0;1.52
15/05/2026;12:25;Genlis;15.9;60;0;2.53
15/05/2026;14:59;Varanges;16.3;51;0;1.52
15/05/2026;16:58;Varanges;13.5;58;0;1.52
15/05/2026;16:58;Genlis;12.9;89;0;1.82
15/05/2026;18:47;Varanges;10.2;69;0;1.52
15/05/2026;18:47;Genlis;11.3;61;0;2.53
15/05/2026;20:21;Genlis;8.2;73;0;2.53
15/05/2026;21:32;Varanges;6.9;85;0;1.52
15/05/2026;21:32;Genlis;7.8;82;0;2.53
15/05/2026;22:39;Varanges;6.5;87;0;0
15/05/2026;22:39;Genlis;7.2;85;0;0
15/05/2026;23:39;Varanges;6.8;89;0;0
15/05/2026;23:39;Genlis;7.5;85;0;0
16/05/2026;01:25;Varanges;7.1;91;1.01;1.11
16/05/2026;01:25;Genlis;7.3;90;1.31;1.31
16/05/2026;04:51;Varanges;5.3;94;0;1.41
16/05/2026;04:51;Genlis;5.7;94;0;1.72
16/05/2026;07:23;Varanges;12.2;80;0;1.41
16/05/2026;07:23;Genlis;7.7;94;0;1.72
16/05/2026;09:08;Varanges;12.1;81;0;1.41
16/05/2026;09:08;Genlis;13.5;77;0;1.72
16/05/2026;10:43;Varanges;13.2;74;0;2.42
16/05/2026;10:43;Genlis;12.9;90;1.01;5.96
16/05/2026;11:38;Varanges;10.4;86;2.42;4.85
16/05/2026;11:38;Genlis;10.7;88;0.4;6.36
16/05/2026;12:45;Varanges;14.5;76;0;4.85
16/05/2026;12:45;Genlis;16.1;72;0;6.36
16/05/2026;14:13;Varanges;14.7;67;0;4.85
16/05/2026;14:13;Genlis;14.3;100;0;7.78
16/05/2026;15:32;Varanges;16.7;65;0;4.95
16/05/2026;15:32;Genlis;15.4;100;0;7.78
16/05/2026;16:38;Varanges;16;63;0;4.95
16/05/2026;16:38;Genlis;13.7;99;0;7.78
16/05/2026;17:41;Varanges;13;72;0;4.95
16/05/2026;17:41;Genlis;12.3;100;0;7.78
16/05/2026;18:40;Varanges;10.5;79;0;4.95
16/05/2026;18:40;Genlis;11.1;100;0;7.78
16/05/2026;19:48;Varanges;8.8;84;0;4.95
16/05/2026;19:48;Genlis;10;80;0;6.36
16/05/2026;21:00;Genlis;7.9;84;0;6.36
16/05/2026;21:59;Varanges;5.5;90;0;4.95
16/05/2026;21:59;Genlis;6.3;89;0;6.36
16/05/2026;23:01;Genlis;5.4;91;0;0
17/05/2026;00:02;Genlis;5.2;100;0;0
17/05/2026;04:15;Varanges;2.5;95;0;0
17/05/2026;04:15;Genlis;3.4;94;0;0
17/05/2026;07:20;Varanges;8.5;97;0;0
17/05/2026;07:20;Genlis;10.8;100;0;0
17/05/2026;09:17;Genlis;18;70;0;0
17/05/2026;10:47;Varanges;19.3;61;0;0
17/05/2026;10:47;Genlis;17.4;78;0;0
17/05/2026;11:47;Varanges;20.3;55;0;0
17/05/2026;11:47;Genlis;22;46;0;0
17/05/2026;13:53;Varanges;20.1;53;0;0
17/05/2026;13:53;Genlis;22.4;44;0;0
17/05/2026;15:10;Varanges;20.6;51;0;0
17/05/2026;15:10;Genlis;22.4;44;0;0
17/05/2026;16:29;Varanges;19.8;54;0;0
17/05/2026;16:29;Genlis;21.3;44;0;0
17/05/2026;17:42;Varanges;17.5;60;0;0
17/05/2026;17:42;Genlis;17;65;0;0
17/05/2026;18:44;Varanges;14.9;69;0;0
17/05/2026;18:44;Genlis;15.7;70;0;0
17/05/2026;19:54;Genlis;13.3;70;0;0
17/05/2026;21:04;Genlis;12.1;81;0;0
17/05/2026;22:04;Genlis;12.1;80;0;0
17/05/2026;23:08;Genlis;11.8;88;0;0
18/05/2026;05:43;Genlis;10.4;94;0;0
18/05/2026;09:00;Varanges;15.7;77;0;0.1
18/05/2026;09:00;Genlis;18;70;0;0
18/05/2026;12:45;Varanges;16;78;0.51;1.21
18/05/2026;12:45;Genlis;15.9;80;1.21;1.72
18/05/2026;16:14;Varanges;17.5;67;0;2.02
18/05/2026;16:14;Genlis;13.9;99;0;3.54
18/05/2026;18:16;Varanges;15;73;0;2.02
18/05/2026;18:16;Genlis;13;100;0;3.54
18/05/2026;20:09;Varanges;12.2;80;0;2.02
18/05/2026;20:09;Genlis;13.2;77;0;3.33
18/05/2026;21:43;Varanges;10.5;88;0;2.02
18/05/2026;21:43;Genlis;10.9;87;0;3.33
18/05/2026;22:42;Genlis;9.8;89;0;0
18/05/2026;23:47;Varanges;8.9;93;0;0
18/05/2026;23:47;Genlis;9.6;92;0;0
19/05/2026;01:50;Varanges;8.9;94;0;0
19/05/2026;01:50;Genlis;9.3;93;0;0
19/05/2026;06:17;Varanges;10.1;97;0;0
19/05/2026;06:17;Genlis;10;94;0;0
19/05/2026;10:11;Varanges;16.4;79;0.1;0.1
19/05/2026;10:11;Genlis;17.7;74;0;0
19/05/2026;13:38;Varanges;21.5;60;0;0.1
19/05/2026;13:38;Genlis;22.7;62;0;0
19/05/2026;16:40;Varanges;21.7;59;0;0.1
19/05/2026;16:40;Genlis;21.1;66;0;0
19/05/2026;18:27;Varanges;18.1;71;0;0.1
19/05/2026;18:27;Genlis;18.9;71;0;0
19/05/2026;20:20;Varanges;15;85;0.3;0.4
19/05/2026;20:20;Genlis;15.6;85;0.3;0.3
19/05/2026;21:52;Varanges;14.1;93;0.2;1.52
19/05/2026;21:52;Genlis;14.5;92;0.4;1.52
19/05/2026;23:17;Varanges;14.1;94;0;0
19/05/2026;23:17;Genlis;14.5;93;0;0
20/05/2026;01:29;Varanges;12.7;94;0;0
20/05/2026;01:29;Genlis;13.4;93;0;0
20/05/2026;05:51;Genlis;12.6;95;0;0
20/05/2026;09:52;Genlis;19.3;77;0;0
20/05/2026;12:35;Varanges;22.5;63;0;0.1
20/05/2026;16:17;Varanges;23.3;55;0;0.1
20/05/2026;16:17;Genlis;22.3;62;0;0.1
20/05/2026;18:37;Varanges;20.1;65;0;0.1
20/05/2026;18:37;Genlis;19;71;0;0.1
20/05/2026;20:54;Varanges;13.8;84;0;0.1
20/05/2026;20:54;Genlis;15;76;0;0
20/05/2026;23:54;Genlis;11.2;90;0;0
21/05/2026;04:39;Varanges;8.7;95;0;0
21/05/2026;04:39;Genlis;9;93;0;0
21/05/2026;11:41;Varanges;24.8;54;0;0
21/05/2026;11:41;Genlis;27.8;44;0;0
21/05/2026;14:26;Varanges;25.9;52;0;0
21/05/2026;14:26;Genlis;23;58;0;0
21/05/2026;17:13;Varanges;27.1;46;0;0
21/05/2026;19:23;Varanges;19.9;68;0;0
21/05/2026;19:23;Genlis;20.4;71;0;0
21/05/2026;21:08;Varanges;15;81;0;0
21/05/2026;21:08;Genlis;16.8;73;0;0
21/05/2026;22:46;Varanges;13.9;86;0;0
21/05/2026;22:46;Genlis;14.4;82;0;0
21/05/2026;23:43;Varanges;13.1;87;0;0
21/05/2026;23:43;Genlis;13.7;84;0;0
22/05/2026;06:16;Varanges;16.8;84;0;0
22/05/2026;06:16;Genlis;12.7;92;0;0
22/05/2026;09:53;Varanges;23.2;64;0;0
22/05/2026;09:53;Genlis;21.7;71;0;0
22/05/2026;12:32;Varanges;29.1;45;0;0
22/05/2026;12:32;Genlis;25.4;61;0;0
22/05/2026;15:40;Varanges;30;41;0;0
22/05/2026;17:28;Varanges;29.5;43;0;0
22/05/2026;19:17;Varanges;21.7;63;0;0
22/05/2026;19:17;Genlis;22.6;63;0;0
22/05/2026;20:52;Genlis;19.1;67;0;0
22/05/2026;22:14;Varanges;15.3;81;0;0
22/05/2026;22:14;Genlis;16.7;77;0;0
22/05/2026;23:36;Varanges;14.1;82;0;0
22/05/2026;23:36;Genlis;15.2;80;0;0
23/05/2026;01:27;Genlis;13.7;82;0;0
23/05/2026;05:05;Varanges;12.3;87;0;0
23/05/2026;05:05;Genlis;12.1;86;0;0
23/05/2026;07:40;Varanges;21.9;65;0;0
23/05/2026;07:40;Genlis;19.9;76;0;0
23/05/2026;09:27;Varanges;24.1;64;0;0
23/05/2026;09:27;Genlis;23.6;70;0;0
23/05/2026;10:54;Varanges;28.9;50;0;0
23/05/2026;10:54;Genlis;25.8;61;0;0
23/05/2026;12:04;Varanges;30.5;42;0;0
23/05/2026;12:04;Genlis;26.6;55;0;0
23/05/2026;13:59;Varanges;31;36;0;0
23/05/2026;13:59;Genlis;27.3;52;0;0
23/05/2026;15:13;Varanges;31;41;0;0
23/05/2026;16:30;Varanges;31.4;42;0;0
23/05/2026;16:30;Genlis;27.2;53;0;0
23/05/2026;17:44;Varanges;30.4;44;0;0
23/05/2026;18:44;Varanges;27.6;50;0;0
23/05/2026;19:53;Varanges;21.5;69;0;0
23/05/2026;21:04;Genlis;21.1;66;0;0
23/05/2026;22:04;Varanges;18.3;80;0;0
23/05/2026;22:04;Genlis;19.2;72;0;0
23/05/2026;23:06;Varanges;18;77;0;0
23/05/2026;23:06;Genlis;18.4;73;0;0
24/05/2026;00:09;Varanges;16.2;80;0;0
24/05/2026;00:09;Genlis;17.2;75;0;0
24/05/2026;04:45;Varanges;14.5;86;0;0
24/05/2026;04:45;Genlis;14.5;85;0;0
24/05/2026;07:42;Varanges;24.2;63;0;0
24/05/2026;09:31;Varanges;27.1;58;0;0
24/05/2026;09:31;Genlis;30.7;47;0;0
24/05/2026;11:02;Varanges;30.6;49;0;0
24/05/2026;11:02;Genlis;27.8;59;0;0
24/05/2026;12:08;Varanges;32.1;45;0;0
24/05/2026;12:08;Genlis;28.9;54;0;0
24/05/2026;14:05;Varanges;32.8;39;0;0
24/05/2026;14:05;Genlis;29.8;49;0;0
24/05/2026;15:18;Varanges;33;38;0;0
24/05/2026;15:18;Genlis;29.8;47;0;0
24/05/2026;17:42;Varanges;32.3;47;0;0
24/05/2026;18:49;Varanges;28.5;56;0;0
24/05/2026;18:49;Genlis;27.8;63;0;0
24/05/2026;20:13;Varanges;23.4;67;0;0
24/05/2026;20:13;Genlis;25.4;58;0;0
24/05/2026;21:26;Varanges;20.5;76;0;0
24/05/2026;21:26;Genlis;22.4;67;0;0
24/05/2026;22:30;Genlis;21.1;71;0;0
24/05/2026;23:43;Genlis;19.8;74;0;0
25/05/2026;01:54;Varanges;17;85;0;0
25/05/2026;01:54;Genlis;17.4;81;0;0
25/05/2026;06:44;Varanges;22.5;73;0;0
25/05/2026;06:44;Genlis;19.7;78;0;0
25/05/2026;10:59;Varanges;30.8;51;0;0
25/05/2026;10:59;Genlis;31.6;48;0;0
25/05/2026;14:15;Varanges;33.3;43;0;0
25/05/2026;14:15;Genlis;36.2;37;0;0
25/05/2026;16:37;Varanges;33.4;43;0;0
25/05/2026;16:37;Genlis;30;54;0;0
25/05/2026;18:16;Varanges;30.8;50;0;0
25/05/2026;18:16;Genlis;28.7;57;0;0
25/05/2026;20:06;Varanges;23.4;61;0;0
25/05/2026;20:06;Genlis;26.1;49;0;0
25/05/2026;21:21;Genlis;21.9;71;0;0
25/05/2026;22:32;Varanges;19.2;78;0;0
25/05/2026;22:32;Genlis;20.4;69;0;0
25/05/2026;23:46;Varanges;17.5;79;0;0
25/05/2026;23:46;Genlis;18.9;70;0;0
26/05/2026;01:46;Varanges;16.2;76;0;0
26/05/2026;01:46;Genlis;17.5;67;0;0
26/05/2026;05:52;Varanges;18.8;74;0;0
26/05/2026;05:52;Genlis;16.7;75;0;0
26/05/2026;10:15;Genlis;33.4;41;0;0
26/05/2026;13:25;Varanges;33.6;46;0;0
26/05/2026;13:25;Genlis;29.7;57;0;0
26/05/2026;16:56;Varanges;34.5;40;0;0
26/05/2026;21:09;Varanges;21.6;76;0;0
26/05/2026;21:09;Genlis;23;77;0;0
26/05/2026;22:45;Varanges;20.4;70;0;0
26/05/2026;22:45;Genlis;21.1;77;0;0
26/05/2026;23:51;Varanges;18.4;75;0;0
26/05/2026;23:51;Genlis;19.7;77;0;0
27/05/2026;04:43;Varanges;14.1;92;0;0
27/05/2026;04:43;Genlis;16.1;86;0;0
27/05/2026;12:01;Varanges;33.1;32;0;0
27/05/2026;12:01;Genlis;29.6;41;0;0
27/05/2026;16:07;Varanges;33.1;36;0;0
27/05/2026;16:07;Genlis;29.4;46;0;0
27/05/2026;18:37;Varanges;29.1;53;0;0
27/05/2026;20:55;Genlis;22.9;74;0;0
27/05/2026;22:47;Varanges;19.1;76;0;0
27/05/2026;22:47;Genlis;20;78;0;0
28/05/2026;04:24;Varanges;16.6;84;0;0
28/05/2026;04:24;Genlis;16.6;85;0;0
28/05/2026;08:25;Varanges;25.6;61;0;0
28/05/2026;08:25;Genlis;27.8;55;0;0
28/05/2026;11:56;Varanges;32.2;44;0;0
28/05/2026;11:56;Genlis;28.8;54;0;0
28/05/2026;16:21;Varanges;32.5;37;0;0
28/05/2026;19:07;Varanges;26;50;0;0
28/05/2026;19:07;Genlis;25.9;57;0;0
28/05/2026;21:18;Varanges;19.7;69;0;0
28/05/2026;21:18;Genlis;22.4;57;0;0
28/05/2026;22:50;Genlis;19.2;69;0;0
29/05/2026;00:16;Genlis;17.7;74;0;0
29/05/2026;08:49;Varanges;25.7;53;0;0
29/05/2026;08:49;Genlis;28.7;43;0;0
29/05/2026;12:24;Varanges;32;39;0;0
29/05/2026;12:24;Genlis;28.5;48;0;0
29/05/2026;16:14;Varanges;33;34;0;0
29/05/2026;16:14;Genlis;29.7;45;0;0
29/05/2026;19:05;Varanges;25.8;54;0;0
29/05/2026;19:05;Genlis;27.9;46;0;0
29/05/2026;21:14;Genlis;23.1;57;0;0
29/05/2026;22:46;Varanges;19.3;73;0;0
29/05/2026;22:46;Genlis;20.3;66;0;0
29/05/2026;23:57;Varanges;17.4;77;0;0
29/05/2026;23:57;Genlis;19;70;0;0
30/05/2026;04:12;Varanges;15.1;81;0;0
30/05/2026;04:12;Genlis;15.6;79;0;0
30/05/2026;09:29;Varanges;25.4;60;0;0
30/05/2026;09:29;Genlis;26.9;53;0;0
30/05/2026;11:06;Varanges;28.1;55;0;0
30/05/2026;11:06;Genlis;29.9;48;0;0
30/05/2026;12:13;Varanges;30.7;45;0;0
30/05/2026;12:13;Genlis;32.5;43;0;0
30/05/2026;15:44;Varanges;31.1;42;0;0
30/05/2026;15:44;Genlis;29.4;52;0;0
30/05/2026;16:45;Varanges;31.9;45;0;0
30/05/2026;16:45;Genlis;29.2;55;0;0
30/05/2026;17:47;Varanges;31.4;45;0;0
30/05/2026;17:47;Genlis;27.3;57;0;0
30/05/2026;19:38;Varanges;21.8;72;0;0
30/05/2026;20:37;Genlis;21.4;69;0;0
30/05/2026;21:43;Genlis;19.1;78;0;0
30/05/2026;22:40;Genlis;18.3;81;0;0
30/05/2026;23:43;Genlis;17.5;86;0;0
31/05/2026;01:53;Genlis;15.4;87;0;0
31/05/2026;06:33;Varanges;18.2;93;0;0
31/05/2026;06:33;Genlis;18.3;87;0;0
31/05/2026;09:37;Varanges;26.5;69;0;0
31/05/2026;09:37;Genlis;26.5;65;0;0
31/05/2026;11:20;Varanges;28.1;62;0;0
31/05/2026;11:20;Genlis;27.5;60;0;0
31/05/2026;12:54;Varanges;25.2;68;0;0
31/05/2026;12:54;Genlis;25.3;65;0;0
31/05/2026;14:52;Varanges;26.8;68;0;0
31/05/2026;14:52;Genlis;27.5;62;0;0
31/05/2026;16:20;Varanges;25.1;66;0;0
31/05/2026;16:20;Genlis;25.7;61;0;0
31/05/2026;17:35;Varanges;24.5;62;0;0
31/05/2026;17:35;Genlis;24.8;60;0;0
31/05/2026;18:52;Varanges;22.1;67;0;0
31/05/2026;18:52;Genlis;22.7;61;0;0
31/05/2026;20:18;Genlis;20.6;55;0;0
31/05/2026;21:30;Genlis;19;62;0;0
31/05/2026;22:41;Varanges;16.5;76;0;0
31/05/2026;22:41;Genlis;17.5;71;0;0
31/05/2026;23:46;Varanges;16.2;77;0;0
31/05/2026;23:46;Genlis;17.2;71;0;0
01/06/2026;02:03;Varanges;13.4;85;0;0
01/06/2026;02:03;Genlis;14.8;79;0;0
01/06/2026;07:18;Varanges;21.2;70;0;0
01/06/2026;07:18;Genlis;19;74;0;0
01/06/2026;13:07;Varanges;27;47;0;0
01/06/2026;13:07;Genlis;26.4;51;0;0
01/06/2026;19:04;Varanges;22.5;58;0;0
01/06/2026;19:04;Genlis;22.9;61;0;0
01/06/2026;22:15;Genlis;18.2;78;0;0
01/06/2026;23:48;Genlis;16.1;81;0;0
02/06/2026;04:56;Varanges;15;92;0;0
02/06/2026;04:56;Genlis;15.6;88;0;0
02/06/2026;09:16;Varanges;22.2;69;0;0
02/06/2026;09:16;Genlis;23.3;63;0;0
02/06/2026;12:54;Varanges;21.6;72;0;0.91
02/06/2026;12:54;Genlis;23;69;0;0.71
02/06/2026;17:48;Varanges;21.5;67;0;7.27
02/06/2026;17:48;Genlis;23.5;63;0.71;5.15
02/06/2026;21:21;Genlis;15.2;100;0;3.64
02/06/2026;23:13;Varanges;14.2;88;0;0
02/06/2026;23:13;Genlis;14;92;0;0
03/06/2026;02:03;Varanges;13.7;90;0;0
03/06/2026;02:03;Genlis;14.3;89;0;0
03/06/2026;07:03;Varanges;15.1;90;0;0.4
03/06/2026;07:03;Genlis;15.5;91;0;0.2
03/06/2026;12:03;Varanges;20.9;64;0;0.4
03/06/2026;12:03;Genlis;23.2;62;0;0.1
03/06/2026;17:09;Varanges;21.1;63;0;0.4
03/06/2026;17:09;Genlis;22.5;62;0;0.2
03/06/2026;20:32;Genlis;19.2;71;0;0.2
03/06/2026;22:53;Genlis;17.6;75;0;0
04/06/2026;01:46;Genlis;17.5;78;0;0
04/06/2026;06:24;Genlis;17.6;80;0;0
04/06/2026;10:24;Varanges;18.7;75;0;0
04/06/2026;13:38;Varanges;16;87;0;0
04/06/2026;13:38;Genlis;16.6;84;0;0
04/06/2026;16:36;Varanges;15.2;91;0;0.51
04/06/2026;16:36;Genlis;15.8;90;0;0.4
04/06/2026;19:06;Genlis;14.7;90;0.51;0.91
04/06/2026;21:01;Varanges;11.8;92;0;3.13
04/06/2026;21:01;Genlis;12.1;93;0.4;3.23
04/06/2026;22:41;Genlis;11.3;94;0;0
04/06/2026;23:52;Genlis;12.1;94;0;0
05/06/2026;04:42;Varanges;9.9;96;0.1;0.1
05/06/2026;04:42;Genlis;10.4;95;0;0
05/06/2026;08:33;Varanges;16.8;74;0;0.1
05/06/2026;08:33;Genlis;18.3;70;0;0
05/06/2026;11:50;Varanges;23.2;53;0;0.1
05/06/2026;11:50;Genlis;23.7;46;0;0
05/06/2026;15:24;Varanges;24.5;47;0;0.1
05/06/2026;15:24;Genlis;21.7;52;0;0
05/06/2026;17:28;Varanges;24.4;44;0;0.1
05/06/2026;17:28;Genlis;19.2;56;0;0
05/06/2026;19:23;Varanges;15.5;66;0;0.1
05/06/2026;19:23;Genlis;16.5;62;0;0
05/06/2026;22:22;Varanges;10.5;85;0;0
05/06/2026;22:22;Genlis;11.7;80;0;0
05/06/2026;23:43;Genlis;10.8;82;0;0
06/06/2026;01:46;Varanges;9;91;0;0
06/06/2026;01:46;Genlis;10.2;87;0;0
06/06/2026;05:42;Genlis;12.4;89;0;0
06/06/2026;08:14;Varanges;18;77;0;0
06/06/2026;08:14;Genlis;20.1;66;0;0
06/06/2026;10:28;Varanges;23.6;53;0;0
06/06/2026;10:28;Genlis;26;43;0;0
06/06/2026;14:04;Varanges;26.8;47;0;0
06/06/2026;14:04;Genlis;29.1;38;0;0
06/06/2026;15:36;Varanges;23.1;55;0;0
06/06/2026;15:36;Genlis;24.9;54;0;0
06/06/2026;16:48;Varanges;22.5;54;0;0
06/06/2026;16:48;Genlis;23.8;50;0;0
06/06/2026;18:17;Varanges;21.7;59;0;0
06/06/2026;18:17;Genlis;23.4;51;0;0
06/06/2026;19:51;Varanges;18;68;0;0
06/06/2026;19:51;Genlis;19;61;0;0
06/06/2026;21:13;Genlis;17;70;0;0
06/06/2026;22:34;Genlis;15.1;75;0;0
06/06/2026;23:45;Genlis;13.7;76;0;0
07/06/2026;01:58;Genlis;11.9;81;0;0
07/06/2026;06:39;Genlis;16.2;77;0;0
07/06/2026;09:51;Varanges;21.6;58;0;0
07/06/2026;09:51;Genlis;26.9;42;0;0
07/06/2026;11:58;Varanges;25.4;45;0;0
07/06/2026;11:58;Genlis;22.7;54;0;0
07/06/2026;14:16;Varanges;26.4;44;0;0
07/06/2026;14:16;Genlis;23;52;0;0
07/06/2026;15:49;Varanges;27.8;43;0;0
07/06/2026;15:49;Genlis;23.2;51;0;0
07/06/2026;17:37;Varanges;27.3;43;0;0
07/06/2026;17:37;Genlis;22.1;53;0;0
07/06/2026;18:57;Varanges;22.8;49;0;0
07/06/2026;18:57;Genlis;20.8;56;0;0
07/06/2026;20:21;Varanges;17.3;65;0;0
07/06/2026;20:21;Genlis;20.1;51;0;0
07/06/2026;21:42;Genlis;15.5;69;0;0
07/06/2026;22:46;Varanges;12.3;85;0;0
07/06/2026;22:46;Genlis;13.6;76;0;0
07/06/2026;23:51;Genlis;12.7;79;0;0
08/06/2026;04:57;Varanges;9.9;94;0;0
08/06/2026;04:57;Genlis;10.3;90;0;0
08/06/2026;09:52;Varanges;24.9;66;0;0
08/06/2026;09:52;Genlis;26.6;53;0;0
08/06/2026;17:32;Varanges;19.5;91;0.71;2.32
08/06/2026;17:32;Genlis;19.7;90;0.81;2.63
08/06/2026;19:52;Varanges;17.9;94;0;2.42
08/06/2026;19:52;Genlis;18;93;0;2.73
08/06/2026;21:58;Varanges;17.1;95;0;2.53
08/06/2026;21:58;Genlis;17.3;94;0.1;2.83
08/06/2026;23:20;Genlis;17.1;96;0;0
09/06/2026;01:26;Genlis;15.2;94;0;0
09/06/2026;05:45;Varanges;14;93;0;0
09/06/2026;05:45;Genlis;14.3;93;0;0
09/06/2026;08:50;Varanges;18;76;0;0
09/06/2026;08:50;Genlis;19.8;71;0;0
09/06/2026;12:13;Varanges;22.6;53;0;0
09/06/2026;12:13;Genlis;22.7;54;0;0
09/06/2026;15:35;Varanges;20.3;47;0;0
09/06/2026;15:35;Genlis;21.8;39;0;0
09/06/2026;17:46;Varanges;18.2;54;0;0
09/06/2026;19:48;Genlis;16.1;58;0;0
09/06/2026;21:56;Varanges;12;77;0;0
09/06/2026;21:56;Genlis;13.1;75;0;0
09/06/2026;23:36;Varanges;10.7;85;0;0
09/06/2026;23:36;Genlis;11.5;83;0;0
10/06/2026;01:53;Genlis;10.7;89;0;0
10/06/2026;06:39;Genlis;14.4;79;0;0
10/06/2026;14:03;Varanges;18.4;69;0;3.33
10/06/2026;17:31;Varanges;16.9;77;0;5.86
10/06/2026;17:31;Genlis;18.2;81;0;7.07
10/06/2026;19:58;Varanges;12.1;88;0;5.86
10/06/2026;19:58;Genlis;12.8;88;0.1;7.17
10/06/2026;22:17;Genlis;11.3;99;0;0
10/06/2026;23:53;Varanges;9.8;94;0;0
10/06/2026;23:53;Genlis;10.2;94;0;0
11/06/2026;04:54;Varanges;6.9;96;0;0.1
11/06/2026;04:54;Genlis;7.5;96;0.1;0.1
11/06/2026;09:18;Varanges;17.1;78;0;0.1
11/06/2026;09:18;Genlis;19.9;66;0;0.1
11/06/2026;12:58;Varanges;21.2;53;0;0.1
11/06/2026;12:58;Genlis;22.3;45;0;0.1
11/06/2026;16:59;Varanges;21.3;50;0;0.1
11/06/2026;16:59;Genlis;21.9;43;0;0.1
11/06/2026;19:40;Genlis;18.1;66;0;0.1
11/06/2026;21:50;Genlis;16.7;71;0;0.1
11/06/2026;23:48;Genlis;16.3;71;0;0
12/06/2026;04:57;Varanges;14.5;83;0;0
12/06/2026;04:57;Genlis;15.2;79;0;0
12/06/2026;12:40;Varanges;25.6;58;0;0
12/06/2026;12:40;Genlis;27.1;50;0;0
12/06/2026;15:57;Varanges;28.1;54;0;0
12/06/2026;15:57;Genlis;28.6;48;0;0
12/06/2026;18:17;Varanges;25.6;58;0;0
12/06/2026;18:17;Genlis;26.3;52;0;0
12/06/2026;20:32;Varanges;18.4;77;0;0
12/06/2026;20:32;Genlis;19.7;70;0;0
12/06/2026;22:15;Varanges;14.9;87;0;0
12/06/2026;22:15;Genlis;15.5;85;0;0
12/06/2026;23:57;Varanges;13.2;91;0;0
12/06/2026;23:57;Genlis;14.2;89;0;0
13/06/2026;04:43;Genlis;13.2;93;0;0
13/06/2026;08:12;Varanges;24.5;70;0;0
13/06/2026;08:12;Genlis;23.9;75;0;0
13/06/2026;10:42;Varanges;28.2;62;0;0
13/06/2026;10:42;Genlis;27.4;65;0;0
13/06/2026;12:16;Varanges;31;54;0;0
13/06/2026;12:16;Genlis;28.5;61;0;0
13/06/2026;14:34;Varanges;32.6;40;0;0
13/06/2026;14:34;Genlis;30.1;45;0;0
13/06/2026;16:05;Varanges;32.1;37;0;0
13/06/2026;16:05;Genlis;30.1;42;0;0
13/06/2026;17:42;Varanges;31;40;0;0
13/06/2026;17:42;Genlis;32;35;0;0.1
13/06/2026;18:57;Varanges;26.6;48;0;0
13/06/2026;18:57;Genlis;28.5;42;0;0.1
13/06/2026;20:23;Varanges;21.5;60;0;0
13/06/2026;20:23;Genlis;23;59;0;0
13/06/2026;21:43;Varanges;19.1;68;0;0
13/06/2026;21:43;Genlis;20.2;62;0;0
13/06/2026;22:46;Varanges;16.5;77;0;0
13/06/2026;22:46;Genlis;17.8;71;0;0
13/06/2026;23:51;Varanges;15.5;82;0;0
13/06/2026;23:51;Genlis;16.6;78;0;0
14/06/2026;05:01;Varanges;14.2;94;0;0
14/06/2026;05:01;Genlis;13.8;90;0;0
14/06/2026;08:46;Varanges;22.8;51;0;0
14/06/2026;08:46;Genlis;27.3;41;0;0
14/06/2026;11:17;Varanges;29.1;39;0;0
14/06/2026;11:17;Genlis;25.9;48;0;0
14/06/2026;13:11;Varanges;30.7;32;0;0
14/06/2026;13:11;Genlis;27.4;39;0;0
14/06/2026;15:23;Varanges;30.7;32;0;0
14/06/2026;16:52;Varanges;30.4;31;0;0
14/06/2026;20:03;Genlis;22.5;43;0;0
14/06/2026;21:24;Varanges;16.9;63;0;0
14/06/2026;21:24;Genlis;19;53;0;0
14/06/2026;22:38;Genlis;17;60;0;0
14/06/2026;23:52;Varanges;13.7;76;0;0
14/06/2026;23:52;Genlis;15.2;67;0;0
15/06/2026;05:22;Varanges;13.1;85;0;0
15/06/2026;05:22;Genlis;11.6;87;0;0
15/06/2026;11:26;Varanges;29;41;0;0
15/06/2026;11:26;Genlis;25.3;52;0;0
15/06/2026;16:27;Varanges;29.9;38;0;0
15/06/2026;16:27;Genlis;26.4;49;0;0
15/06/2026;20:15;Varanges;20.8;60;0;0
15/06/2026;20:15;Genlis;23;51;0;0
15/06/2026;22:32;Varanges;16.3;79;0;0
15/06/2026;22:32;Genlis;18.2;68;0;0
16/06/2026;00:17;Varanges;14.6;85;0;0
16/06/2026;00:17;Genlis;16.4;76;0;0
16/06/2026;05:42;Varanges;16.6;88;0;0
16/06/2026;05:42;Genlis;17;78;0;0
16/06/2026;10:31;Varanges;29.5;47;0;0
16/06/2026;10:31;Genlis;30.1;48;0;0
16/06/2026;15:34;Varanges;29.8;44;0;0
16/06/2026;15:34;Genlis;32.2;37;0;0
16/06/2026;19:23;Varanges;25.7;57;0;0
16/06/2026;19:23;Genlis;26.5;55;0;0
16/06/2026;21:58;Genlis;20.8;72;0;0
16/06/2026;23:44;Genlis;18.3;78;0;0
17/06/2026;02:06;Varanges;16.1;87;0;0
17/06/2026;02:06;Genlis;17;80;0;0
17/06/2026;07:25;Varanges;27.8;60;0;0
17/06/2026;07:25;Genlis;22.4;75;0;0
17/06/2026;12:03;Varanges;33.6;46;0;0
17/06/2026;12:03;Genlis;31.7;53;0;0
17/06/2026;15:58;Varanges;35.4;43;0;0
17/06/2026;15:58;Genlis;31.1;52;0;0
17/06/2026;18:29;Varanges;33.2;46;0;0
17/06/2026;18:29;Genlis;29.6;56;0.1;0.1
17/06/2026;20:57;Varanges;23.1;70;0;0
17/06/2026;20:57;Genlis;24.7;61;0;0
17/06/2026;22:50;Genlis;21.9;73;0;0
18/06/2026;01:35;Varanges;17.5;90;0;0
18/06/2026;01:35;Genlis;18.7;85;0;0
18/06/2026;06:29;Varanges;24;76;0;0
18/06/2026;06:29;Genlis;20;86;0;0
18/06/2026;11:01;Varanges;35;47;0;0
18/06/2026;11:01;Genlis;37.7;34;0;0
18/06/2026;14:18;Varanges;37.3;34;0;0
18/06/2026;14:18;Genlis;32.9;44;0;0
18/06/2026;17:39;Varanges;36.9;34;0;0
18/06/2026;19:56;Varanges;26;58;0;0
18/06/2026;19:56;Genlis;29;48;0;0
18/06/2026;22:22;Varanges;20.3;77;0;0
18/06/2026;22:22;Genlis;22.2;67;0;0
19/06/2026;00:07;Varanges;21.2;76;0;0
19/06/2026;00:07;Genlis;20.6;74;0;0
19/06/2026;05:31;Varanges;18.7;86;0;0
19/06/2026;05:31;Genlis;19.6;81;0;0
19/06/2026;10:05;Genlis;35.5;34;0;0
19/06/2026;13:48;Varanges;36.1;30;0;0
19/06/2026;13:48;Genlis;40.1;21;0;0
19/06/2026;16:37;Varanges;34.3;30;0;0
19/06/2026;18:23;Varanges;33.3;33;0;0
19/06/2026;18:23;Genlis;35.3;28;0;0
19/06/2026;20:12;Genlis;27;37;0;0
19/06/2026;21:41;Genlis;23.9;45;0;0
19/06/2026;22:38;Genlis;22.5;56;0;0
19/06/2026;23:49;Genlis;21.7;59;0;0
20/06/2026;04:36;Genlis;18.7;68;0;0
20/06/2026;08:13;Varanges;27.6;52;0;0
20/06/2026;08:13;Genlis;29.6;42;0;0
20/06/2026;10:44;Genlis;37.7;28;0;0
20/06/2026;12:19;Varanges;36.8;36;0;0
20/06/2026;12:19;Genlis;33.8;41;0;0
20/06/2026;14:37;Varanges;37.7;34;0;0
20/06/2026;14:37;Genlis;34.3;39;0;0
20/06/2026;16:07;Varanges;38;33;0;0
20/06/2026;17:52;Varanges;31.5;51;0;0
20/06/2026;17:52;Genlis;33.6;40;0;0
20/06/2026;19:50;Varanges;26.8;59;0;0
20/06/2026;19:50;Genlis;27;59;0;0
20/06/2026;21:36;Varanges;23.6;65;0;0
20/06/2026;21:36;Genlis;24.5;61;0;0
20/06/2026;22:50;Varanges;22.5;68;0;0
20/06/2026;22:50;Genlis;23.5;63;0;0
21/06/2026;00:18;Varanges;19.9;76;0;0
21/06/2026;00:18;Genlis;20.9;70;0;0
21/06/2026;05:23;Varanges;19.3;81;0;0
21/06/2026;05:23;Genlis;20.4;75;0;0
21/06/2026;09:06;Varanges;29.8;49;0;0
21/06/2026;09:06;Genlis;30.8;50;0;0
21/06/2026;11:51;Varanges;35.8;39;0;0
21/06/2026;11:51;Genlis;33.9;41;0;0
21/06/2026;14:29;Varanges;38.5;33;0;0
21/06/2026;16:21;Varanges;40;31;0;0
21/06/2026;18:01;Varanges;36.5;35;0;0
21/06/2026;21:38;Varanges;24.9;63;0;0
21/06/2026;21:38;Genlis;27.2;53;0;0
21/06/2026;22:49;Varanges;23.6;66;0;0
21/06/2026;22:49;Genlis;24.9;60;0;0
22/06/2026;00:19;Varanges;22.6;67;0;0
22/06/2026;00:19;Genlis;23.5;63;0;0
22/06/2026;05:38;Varanges;23.8;71;0;0
22/06/2026;05:38;Genlis;21;74;0;0
22/06/2026;16:07;Varanges;39.2;31;0;0
22/06/2026;16:07;Genlis;35.4;40;0;0
22/06/2026;19:51;Varanges;30.6;51;0;0
22/06/2026;22:11;Varanges;25.3;61;0;0
22/06/2026;22:11;Genlis;26.6;56;0;0
22/06/2026;23:48;Varanges;24.8;62;0;0
22/06/2026;23:48;Genlis;24.9;62;0;0
23/06/2026;04:16;Varanges;20.7;77;0;0
23/06/2026;04:16;Genlis;22;70;0;0
23/06/2026;08:01;Varanges;31.8;51;0;0
23/06/2026;08:01;Genlis;29.8;60;0;0
23/06/2026;11:25;Varanges;38.2;36;0;0
23/06/2026;11:25;Genlis;34.9;43;0;0
23/06/2026;13:58;Varanges;39;33;0;0
23/06/2026;16:34;Varanges;37.6;33;0;0
23/06/2026;18:32;Varanges;35.5;39;0;0
23/06/2026;18:32;Genlis;36.8;36;0;0
23/06/2026;20:56;Varanges;27.4;59;0;0
23/06/2026;20:56;Genlis;29.2;51;0;0
23/06/2026;23:33;Varanges;24.1;67;0;0
23/06/2026;23:33;Genlis;25.6;58;0;0
24/06/2026;09:48;Varanges;33.9;48;0;0
24/06/2026;09:48;Genlis;37.6;40;0;0
24/06/2026;12:26;Varanges;38;33;0;0
24/06/2026;12:26;Genlis;35.1;42;0;0
24/06/2026;15:19;Varanges;38.8;30;0;0
24/06/2026;17:24;Varanges;38.8;31;0;0
24/06/2026;19:09;Varanges;34.5;38;0;0
24/06/2026;21:07;Varanges;27;56;0;0
24/06/2026;21:07;Genlis;29;50;0;0
24/06/2026;22:38;Varanges;25.4;59;0;0
24/06/2026;22:38;Genlis;26.9;55;0;0
25/06/2026;04:19;Varanges;20.2;77;0;0
25/06/2026;04:19;Genlis;21.7;72;0;0
25/06/2026;07:58;Varanges;31.1;53;0;0
25/06/2026;07:58;Genlis;30.5;52;0;0
25/06/2026;13:23;Varanges;38.3;40;0;0
25/06/2026;15:58;Varanges;39.2;37;0;0
25/06/2026;18:22;Varanges;36.4;40;0;0
25/06/2026;23:49;Varanges;24.5;67;0;0
25/06/2026;23:49;Genlis;26.4;66;0;0
26/06/2026;04:35;Varanges;20.8;80;0;0
26/06/2026;04:35;Genlis;23.6;71;0;0
26/06/2026;08:21;Varanges;31.2;48;0;0
26/06/2026;08:21;Genlis;33.6;42;0;0
26/06/2026;13:26;Varanges;39.5;33;0;0
26/06/2026;15:39;Varanges;40.5;33;0;0
26/06/2026;19:17;Varanges;33.8;43;0;0
26/06/2026;19:17;Genlis;36.9;36;0;0
26/06/2026;21:02;Varanges;27.6;57;0;0
26/06/2026;21:02;Genlis;29.6;54;0;0
26/06/2026;22:20;Varanges;26;66;0;0
26/06/2026;22:20;Genlis;27.6;60;0;0
26/06/2026;23:40;Varanges;24;71;0;0
26/06/2026;23:40;Genlis;25.9;66;0;0
27/06/2026;01:34;Varanges;21.8;81;0;0
27/06/2026;01:34;Genlis;23.8;74;0;0
27/06/2026;05:39;Varanges;25.1;76;0;0
27/06/2026;05:39;Genlis;22.7;74;0;0
27/06/2026;12:01;Varanges;39;30;0;0
27/06/2026;12:01;Genlis;36.7;38;0;0
27/06/2026;14:02;Varanges;39.4;31;0;0
27/06/2026;15:23;Varanges;39.6;27;0;0
27/06/2026;16:36;Varanges;40.4;27;0;0
27/06/2026;18:55;Varanges;35;35;0;0
27/06/2026;18:55;Genlis;37.2;27;0;0
27/06/2026;20:16;Genlis;30.4;36;0;0
27/06/2026;21:35;Genlis;28.2;40;0;0
27/06/2026;22:43;Genlis;27.7;52;0;0
27/06/2026;23:43;Genlis;27.4;53;0;0
28/06/2026;01:54;Varanges;25.5;53;0;0
28/06/2026;01:54;Genlis;26.7;53;0;0
28/06/2026;06:35;Genlis;29.2;54;0;0
28/06/2026;09:47;Varanges;30.5;50;0;0
28/06/2026;09:47;Genlis;33.4;42;0;0
28/06/2026;11:55;Varanges;34.9;40;0;0
28/06/2026;11:55;Genlis;32.1;48;0;0
28/06/2026;14:09;Varanges;36.5;41;0;0
28/06/2026;14:09;Genlis;33.8;46;0;0
28/06/2026;15:45;Varanges;36.8;37;0;0
28/06/2026;15:45;Genlis;34.1;45;0;0
28/06/2026;16:50;Varanges;37.5;36;0;0
28/06/2026;16:50;Genlis;33.9;45;0;0
28/06/2026;18:14;Varanges;35;40;0;0
28/06/2026;18:14;Genlis;36.9;36;0;0
28/06/2026;19:50;Varanges;29.7;52;0;0
28/06/2026;19:50;Genlis;31.2;47;0;0
28/06/2026;21:14;Varanges;27.8;54;0;0
28/06/2026;21:14;Genlis;28.2;57;0;0
28/06/2026;22:33;Varanges;27.3;51;0;0
28/06/2026;22:33;Genlis;26.6;58;0;0
28/06/2026;23:47;Varanges;23.6;60;0;0
28/06/2026;23:47;Genlis;24.3;61;0;0
29/06/2026;04:55;Varanges;21;83;0;0
29/06/2026;04:55;Genlis;21.6;82;0;0.1
29/06/2026;09:55;Varanges;26.1;70;0;0.1
29/06/2026;09:55;Genlis;27.6;64;0;0.1
29/06/2026;14:15;Varanges;30;57;0;0.1
29/06/2026;14:15;Genlis;28.9;63;0;0
29/06/2026;17:15;Varanges;29.8;55;0;0.1
29/06/2026;17:15;Genlis;27.9;64;0;0
29/06/2026;19:19;Varanges;26.6;60;0;0.1
29/06/2026;19:19;Genlis;27.8;56;0;0.1
29/06/2026;21:04;Varanges;23.6;69;0;0.1
29/06/2026;21:04;Genlis;24.1;66;0;0.1
29/06/2026;22:18;Varanges;22;75;0;0
29/06/2026;22:18;Genlis;22.6;71;0;0
29/06/2026;23:32;Varanges;20.8;81;0;0
29/06/2026;23:32;Genlis;21.4;78;0;0
30/06/2026;01:50;Varanges;19.7;83;0;0
30/06/2026;01:50;Genlis;20.1;83;0;0
30/06/2026;06:22;Varanges;23.5;75;0;0
30/06/2026;06:22;Genlis;22.6;75;0;0
30/06/2026;10:05;Varanges;30.8;55;0;0
30/06/2026;10:05;Genlis;29;63;0;0
30/06/2026;12:22;Varanges;32.9;48;0;0
30/06/2026;12:22;Genlis;31.8;53;0;0
30/06/2026;15:06;Varanges;32.8;47;0;0
30/06/2026;15:06;Genlis;31.7;50;0;0
30/06/2026;17:12;Varanges;32;41;0;0
30/06/2026;17:12;Genlis;34;37;0;0
30/06/2026;19:14;Varanges;27.9;49;0;0
30/06/2026;19:14;Genlis;28.7;52;0;0
30/06/2026;21:12;Varanges;24;59;0;0
30/06/2026;21:12;Genlis;25.7;57;0;0
30/06/2026;22:47;Varanges;21.8;64;0;0
30/06/2026;22:47;Genlis;23.6;62;0;0
01/07/2026;00:17;Varanges;20.5;68;0;0
01/07/2026;00:17;Genlis;22.4;65;0;0
01/07/2026;08:53;Varanges;24.5;63;0;0
01/07/2026;08:53;Genlis;26.9;55;0;0
01/07/2026;12:15;Varanges;28.1;48;0;0
01/07/2026;12:15;Genlis;27.8;53;0;0
01/07/2026;15:17;Varanges;28.9;37;0;0
01/07/2026;15:17;Genlis;31.3;33;0;0
01/07/2026;17:26;Varanges;28.6;35;0;0
01/07/2026;19:18;Varanges;24.7;42;0;0
01/07/2026;19:18;Genlis;25.9;38;0;0
01/07/2026;20:59;Genlis;20.9;56;0;0
01/07/2026;22:24;Varanges;18.7;60;0;0
01/07/2026;22:24;Genlis;18.6;58;0;0
02/07/2026;04:16;Varanges;16.3;76;0;0
02/07/2026;04:16;Genlis;16.3;75;0;0
02/07/2026;07:48;Varanges;24.3;57;0;0
02/07/2026;07:48;Genlis;22.8;64;0;0
02/07/2026;10:49;Varanges;27.9;46;0;0
02/07/2026;10:49;Genlis;26.4;51;0;0
02/07/2026;13:03;Varanges;30.7;38;0;0
02/07/2026;13:03;Genlis;27.4;45;0;0
02/07/2026;15:27;Varanges;31;37;0;0
02/07/2026;15:27;Genlis;28.7;43;0;0
02/07/2026;17:11;Varanges;30.9;39;0;0
02/07/2026;17:11;Genlis;28.7;46;0;0
02/07/2026;18:54;Varanges;27.5;46;0;0
02/07/2026;18:54;Genlis;28.4;42;0;0
02/07/2026;20:34;Varanges;24.6;53;0;0
02/07/2026;20:34;Genlis;25.5;49;0;0
02/07/2026;21:49;Genlis;23.6;56;0;0
02/07/2026;23:18;Varanges;21.8;65;0;0
02/07/2026;23:18;Genlis;22.2;63;0;0
03/07/2026;01:07;Varanges;19.1;74;0;0
03/07/2026;01:07;Genlis;19.9;70;0;0
03/07/2026;05:07;Varanges;18.3;82;0;0
03/07/2026;05:07;Genlis;17.5;81;0;0
03/07/2026;08:31;Varanges;24.5;59;0;0
03/07/2026;08:31;Genlis;26.7;55;0;0
03/07/2026;11:17;Varanges;29.8;42;0;0
03/07/2026;11:17;Genlis;27.1;51;0;0
03/07/2026;13:18;Varanges;30.5;37;0;0
03/07/2026;13:18;Genlis;27.9;45;0;0
03/07/2026;15:32;Varanges;31;33;0;0
03/07/2026;15:32;Genlis;28;43;0;0
03/07/2026;17:04;Varanges;31.7;31;0;0
03/07/2026;19:55;Varanges;23.8;37;0;0
03/07/2026;19:55;Genlis;25.1;33;0;0
03/07/2026;21:19;Varanges;20.8;41;0;0
03/07/2026;21:19;Genlis;21.9;38;0;0
03/07/2026;23:44;Varanges;16.8;54;0;0
03/07/2026;23:44;Genlis;17.5;51;0;0
04/07/2026;01:19;Varanges;15.5;61;0;0
04/07/2026;01:19;Genlis;16.6;56;0;0
04/07/2026;05:01;Varanges;14.9;74;0;0
04/07/2026;05:01;Genlis;14.2;69;0;0
04/07/2026;07:58;Varanges;25.4;43;0;0
04/07/2026;07:58;Genlis;22.9;53;0;0
04/07/2026;10:21;Varanges;28.4;34;0;0
04/07/2026;10:21;Genlis;26.2;38;0;0
04/07/2026;11:48;Varanges;31.5;29;0;0
04/07/2026;11:48;Genlis;27.6;37;0;0
04/07/2026;13:53;Varanges;32.8;25;0;0
04/07/2026;13:53;Genlis;28.8;32;0;0
04/07/2026;15:17;Varanges;33.5;24;0;0
04/07/2026;15:17;Genlis;29.5;31;0;0
04/07/2026;17:45;Varanges;33.1;22;0;0
04/07/2026;18:43;Varanges;30.6;26;0;0
04/07/2026;18:43;Genlis;31.7;22;0;0
04/07/2026;19:57;Varanges;25.5;35;0;0
04/07/2026;19:57;Genlis;26.9;29;0;0
04/07/2026;22:25;Varanges;18;52;0;0
04/07/2026;22:25;Genlis;20.1;45;0;0
04/07/2026;23:31;Varanges;16.5;59;0;0
04/07/2026;23:31;Genlis;18.2;53;0;0
05/07/2026;01:25;Varanges;14.9;65;0;0
05/07/2026;01:25;Genlis;16;60;0;0
05/07/2026;05:36;Varanges;18.2;68;0;0
05/07/2026;05:36;Genlis;15.6;69;0;0
05/07/2026;08:31;Varanges;26.5;51;0;0
05/07/2026;08:31;Genlis;29.5;45;0;0
05/07/2026;10:52;Varanges;30.9;41;0;0
05/07/2026;10:52;Genlis;28.8;48;0;0
05/07/2026;12:22;Varanges;34.1;34;0;0
05/07/2026;12:22;Genlis;30.2;40;0;0
05/07/2026;14:14;Varanges;33.9;32;0;0
05/07/2026;14:14;Genlis;31;40;0;0
05/07/2026;15:43;Varanges;33.5;33;0;0
05/07/2026;15:43;Genlis;31.4;39;0;0
05/07/2026;16:46;Varanges;32.6;33;0;0
05/07/2026;17:49;Varanges;31.9;36;0;0
05/07/2026;17:49;Genlis;33.6;31;0;0
05/07/2026;19:39;Varanges;27;44;0;0
05/07/2026;19:39;Genlis;28;40;0;0
05/07/2026;20:40;Varanges;24;50;0;0
05/07/2026;20:40;Genlis;25;46;0;0
05/07/2026;21:42;Varanges;21.7;56;0;0
05/07/2026;21:42;Genlis;23.3;51;0;0
05/07/2026;22:41;Genlis;21.9;55;0;0
05/07/2026;23:45;Varanges;18.5;68;0;0
05/07/2026;23:45;Genlis;19.8;61;0;0
06/07/2026;01:26;Varanges;17;75;0;0
06/07/2026;01:26;Genlis;18.4;70;0;0
06/07/2026;06:01;Varanges;20.1;75;0;0
06/07/2026;06:01;Genlis;17.4;80;0;0
06/07/2026;10:57;Varanges;31.4;43;0;0
06/07/2026;10:57;Genlis;29.2;47;0;0
06/07/2026;14:32;Varanges;34.6;25;0;0
06/07/2026;17:28;Varanges;34.9;25;0;0
06/07/2026;17:28;Genlis;32;30;0;0
06/07/2026;19:23;Varanges;29.2;34;0;0
06/07/2026;19:23;Genlis;31.3;27;0;0
06/07/2026;21:08;Varanges;21;49;0;0
06/07/2026;21:08;Genlis;23.9;40;0;0
06/07/2026;22:43;Genlis;20.1;51;0;0
06/07/2026;23:47;Varanges;17.2;65;0;0
06/07/2026;23:47;Genlis;18.5;58;0;0
07/07/2026;04:12;Varanges;12.8;83;0;0
07/07/2026;04:12;Genlis;14.1;77;0;0
07/07/2026;07:58;Varanges;26.5;53;0;0
07/07/2026;07:58;Genlis;27.1;50;0;0
07/07/2026;11:17;Varanges;35.8;30;0;0
07/07/2026;11:17;Genlis;33.7;35;0;0
07/07/2026;16:11;Varanges;36.1;24;0;0
07/07/2026;16:11;Genlis;36.7;26;0;0
07/07/2026;18:25;Varanges;34.8;25;0;0
07/07/2026;18:25;Genlis;35.8;21;0;0
07/07/2026;20:24;Genlis;28;32;0;0
07/07/2026;23:12;Varanges;21.6;47;0;0
07/07/2026;23:12;Genlis;22.4;43;0;0
08/07/2026;00:57;Varanges;18.8;55;0;0
08/07/2026;00:57;Genlis;19.1;53;0;0
08/07/2026;04:25;Varanges;17;66;0;0
08/07/2026;04:25;Genlis;17.2;63;0;0
08/07/2026;07:03;Varanges;27.2;42;0;0
08/07/2026;07:03;Genlis;23.5;48;0;0
08/07/2026;09:31;Varanges;29.5;33;0;0
08/07/2026;09:31;Genlis;33.8;27;0;0
08/07/2026;11:31;Varanges;34.7;28;0;0
08/07/2026;11:31;Genlis;37.2;21;0;0
08/07/2026;13:16;Varanges;35.4;27;0;0
08/07/2026;13:16;Genlis;32.1;37;0;0
08/07/2026;15:39;Varanges;35.4;32;0;0
08/07/2026;18:52;Varanges;32.5;34;0;0
08/07/2026;18:52;Genlis;31.1;42;0;0
08/07/2026;20:35;Varanges;26.3;47;0;0
08/07/2026;20:35;Genlis;27.8;43;0;0
08/07/2026;21:48;Varanges;24.4;52;0;0
08/07/2026;21:48;Genlis;25.8;48;0;0
08/07/2026;23:19;Varanges;22.1;60;0;0
08/07/2026;23:19;Genlis;23.8;54;0;0
09/07/2026;01:07;Varanges;21.1;64;0;0
09/07/2026;01:07;Genlis;22;60;0;0
09/07/2026;05:34;Varanges;21.5;66;0;0
09/07/2026;05:34;Genlis;20.4;66;0;0
09/07/2026;08:54;Varanges;28.5;49;0;0
09/07/2026;08:54;Genlis;31.4;42;0;0
09/07/2026;12:13;Varanges;33.9;33;0;0
09/07/2026;12:13;Genlis;36.9;26;0;0
09/07/2026;15:38;Varanges;35.3;30;0;0
09/07/2026;17:33;Varanges;34.7;27;0;0
09/07/2026;19:13;Varanges;30.4;35;0;0
09/07/2026;22:40;Varanges;23.3;49;0;0
09/07/2026;22:40;Genlis;24.4;46;0;0
09/07/2026;23:51;Varanges;21.8;55;0;0
09/07/2026;23:51;Genlis;22.9;51;0;0
10/07/2026;04:07;Varanges;18.9;66;0;0
10/07/2026;04:07;Genlis;20;62;0;0
10/07/2026;07:49;Varanges;28.1;47;0;0
10/07/2026;07:49;Genlis;28.2;47;0;0
10/07/2026;11:14;Varanges;35;34;0;0
10/07/2026;11:14;Genlis;32.1;43;0;0
10/07/2026;13:22;Varanges;37.3;30;0;0
10/07/2026;13:22;Genlis;33.5;37;0;0
10/07/2026;15:42;Varanges;37.7;27;0;0
10/07/2026;17:29;Varanges;37.5;26;0;0
10/07/2026;19:08;Varanges;33.8;33;0;0
10/07/2026;20:47;Varanges;29.1;39;0;0
10/07/2026;20:47;Genlis;30;37;0;0
10/07/2026;21:45;Varanges;27.9;38;0;0
10/07/2026;21:45;Genlis;28.5;36;0;0
10/07/2026;22:43;Varanges;26.2;41;0;0
10/07/2026;22:43;Genlis;27.3;38;0;0
11/07/2026;01:09;Varanges;23.1;47;0;0
11/07/2026;01:09;Genlis;23.8;44;0;0
11/07/2026;04:36;Varanges;20;58;0;0
11/07/2026;04:36;Genlis;20.6;53;0;0
11/07/2026;06:58;Varanges;25;54;0;0
11/07/2026;06:58;Genlis;23.9;51;0;0
11/07/2026;08:55;Varanges;29.1;45;0;0
11/07/2026;08:55;Genlis;32.9;38;0;0
11/07/2026;10:22;Varanges;32;42;0;0
11/07/2026;10:22;Genlis;30.7;47;0;0
11/07/2026;11:28;Varanges;35.4;39;0;0
11/07/2026;11:28;Genlis;39.4;30;0;0
11/07/2026;14:11;Varanges;37.7;30;0;0
11/07/2026;14:11;Genlis;35.4;36;0;0
11/07/2026;15:28;Varanges;38.3;27;0;0
11/07/2026;15:28;Genlis;35.7;31;0;0
11/07/2026;16:35;Varanges;37.8;29;0;0
11/07/2026;16:35;Genlis;35;37;0;0
11/07/2026;17:40;Varanges;36.4;29;0;0
11/07/2026;17:40;Genlis;33.5;37;0;0
11/07/2026;18:36;Varanges;33.8;33;0;0
11/07/2026;18:36;Genlis;34.9;31;0;0
11/07/2026;19:53;Varanges;28.6;44;0;0
11/07/2026;21:00;Varanges;26.8;46;0;0
11/07/2026;21:00;Genlis;28.2;47;0;0
11/07/2026;23:03;Varanges;25;47;0;0
11/07/2026;23:03;Genlis;26.6;48;0;0
12/07/2026;00:05;Genlis;25;44;0;0
12/07/2026;03:51;Varanges;20.6;54;0;0
12/07/2026;03:51;Genlis;21.5;54;0;0
12/07/2026;06:43;Varanges;26.3;46;0;0
12/07/2026;06:43;Genlis;23.3;50;0;0
12/07/2026;08:54;Genlis;32.5;37;0;0
12/07/2026;10:39;Varanges;33.8;36;0;0
12/07/2026;10:39;Genlis;38.2;29;0;0
12/07/2026;11:44;Varanges;37.2;30;0;0
12/07/2026;11:44;Genlis;33.5;36;0;0
12/07/2026;12:40;Varanges;38;26;0;0
12/07/2026;12:40;Genlis;34.2;35;0;0
12/07/2026;14:15;Varanges;38.2;25;0;0
12/07/2026;15:31;Varanges;37.9;24;0;0
12/07/2026;16:36;Varanges;38.1;22;0;0
12/07/2026;18:39;Varanges;35.3;27;0;0
12/07/2026;18:39;Genlis;36.4;25;0;0
12/07/2026;19:53;Varanges;29.9;34;0;0
12/07/2026;19:53;Genlis;30.9;30;0;0
12/07/2026;21:01;Varanges;25.7;41;0;0
12/07/2026;21:01;Genlis;27.6;35;0;0
12/07/2026;22:02;Varanges;24.1;43;0;0
12/07/2026;22:02;Genlis;25.4;40;0;0
12/07/2026;23:02;Genlis;24.8;42;0;0
13/07/2026;00:05;Varanges;22.2;49;0;0
13/07/2026;00:05;Genlis;23.6;44;0;0
13/07/2026;03:53;Varanges;19.6;56;0;0
13/07/2026;03:53;Genlis;20.3;52;0;0
13/07/2026;07:31;Varanges;27.1;45;0;0
13/07/2026;07:31;Genlis;26.9;44;0;0
13/07/2026;10:42;Varanges;34;39;0;0
13/07/2026;10:42;Genlis;37.2;30;0;0
13/07/2026;13:06;Varanges;37.3;34;0;0
13/07/2026;13:06;Genlis;41.1;26;0;0
13/07/2026;15:49;Varanges;37.6;33;0;0
13/07/2026;18:02;Varanges;34.3;37;0;0
13/07/2026;18:02;Genlis;33.7;39;0;0
13/07/2026;19:42;Genlis;31.7;37;0;0
13/07/2026;20:42;Varanges;27.9;48;0;0
13/07/2026;20:42;Genlis;29;44;0;0
13/07/2026;21:36;Varanges;27;51;0;0
13/07/2026;21:36;Genlis;27.8;46;0;0
13/07/2026;22:39;Varanges;26.8;49;0;0
13/07/2026;22:39;Genlis;26.6;48;0;0
13/07/2026;23:37;Varanges;26.7;51;0;0
13/07/2026;23:37;Genlis;26.3;51;0;0
14/07/2026;01:04;Varanges;25.1;59;0;0
14/07/2026;01:04;Genlis;25.7;54;0;0
14/07/2026;04:13;Varanges;22.6;63;0;0
14/07/2026;06:32;Genlis;27.6;59;0;0
14/07/2026;08:54;Varanges;30.7;48;0;0
14/07/2026;08:54;Genlis;34.4;38;0;0.1
14/07/2026;10:53;Varanges;34.6;39;0;0
14/07/2026;10:53;Genlis;37.1;29;0;0.1
14/07/2026;12:20;Varanges;37.5;31;0;0
14/07/2026;12:20;Genlis;40.7;24;0;0.1
14/07/2026;14:21;Varanges;37.5;31;0;0
14/07/2026;14:21;Genlis;41.2;23;0;0.1
14/07/2026;15:54;Varanges;35.8;33;0;0
14/07/2026;15:54;Genlis;36.9;36;0;0
14/07/2026;18:36;Varanges;28.8;72;0;4.55
14/07/2026;19:56;Varanges;25.2;80;0;4.55
14/07/2026;19:56;Genlis;26.4;82;0;7.27
14/07/2026;21:09;Varanges;24;81;0;4.55
14/07/2026;21:09;Genlis;25;87;0;7.27
14/07/2026;23:35;Varanges;22.7;75;0;0
14/07/2026;23:35;Genlis;24;72;0;0
15/07/2026;01:01;Varanges;21.3;76;0;0
15/07/2026;01:01;Genlis;22.5;77;0;0
15/07/2026;04:13;Varanges;19.5;85;0;0
15/07/2026;04:13;Genlis;20.3;81;0;0
15/07/2026;06:34;Varanges;23.3;73;0;0
15/07/2026;06:34;Genlis;23.5;68;0;0
15/07/2026;09:00;Varanges;28.7;58;0;0
15/07/2026;09:00;Genlis;29.9;52;0;0
15/07/2026;10:59;Varanges;31.1;50;0;0
15/07/2026;10:59;Genlis;33;43;0;0
15/07/2026;12:22;Varanges;32.2;52;0;0
15/07/2026;14:17;Varanges;33.7;43;0;0
15/07/2026;14:17;Genlis;33.9;49;0;0
15/07/2026;15:58;Varanges;33.8;45;0;0
15/07/2026;15:58;Genlis;33.3;49;0;0
15/07/2026;17:33;Varanges;29.3;50;0;0
15/07/2026;17:33;Genlis;29.5;56;0;0
15/07/2026;18:46;Varanges;23.4;77;0.81;0.81
15/07/2026;18:46;Genlis;23.3;82;0.71;0.71
15/07/2026;19:56;Varanges;21.7;86;0;0.81
15/07/2026;19:56;Genlis;22.1;87;0;0.71
15/07/2026;21:11;Varanges;21.3;86;0.3;1.11
15/07/2026;21:11;Genlis;22;86;0.3;1.01
15/07/2026;22:26;Varanges;19.1;90;0;0
15/07/2026;22:26;Genlis;19.2;93;3.64;0
15/07/2026;23:29;Varanges;18.8;92;0;0
15/07/2026;23:29;Genlis;18.9;93;0;0
16/07/2026;01:08;Varanges;18.3;92;0;0
16/07/2026;01:08;Genlis;18.7;94;0;0
16/07/2026;04:32;Varanges;17.8;95;0;0
16/07/2026;04:32;Genlis;18.2;94;0;0
16/07/2026;07:09;Varanges;23.2;85;0;0
16/07/2026;07:09;Genlis;20.8;94;0;0
16/07/2026;09:33;Varanges;26.4;72;0;0
16/07/2026;09:33;Genlis;30.6;58;0;0
16/07/2026;11:21;Varanges;31.8;55;0;0
16/07/2026;11:21;Genlis;35.4;44;0;0
16/07/2026;12:57;Varanges;32.7;51;0;0
16/07/2026;12:57;Genlis;32.3;81;0;0
16/07/2026;16:46;Genlis;29.1;49;0;0
16/07/2026;17:55;Varanges;25.4;63;0;0
16/07/2026;17:55;Genlis;25.6;65;0;0
16/07/2026;19:31;Varanges;23.2;75;0;0
16/07/2026;19:31;Genlis;23.8;76;0;0
16/07/2026;20:35;Varanges;21.8;84;0.2;0.2
16/07/2026;20:35;Genlis;22.3;84;0.3;0.3
16/07/2026;21:46;Varanges;19.7;89;1.72;2.32
16/07/2026;21:46;Genlis;19.8;91;2.02;2.93
17/07/2026;01:12;Varanges;18.1;93;0;0.1
17/07/2026;01:12;Genlis;18.2;92;0;0.1
17/07/2026;04:35;Varanges;17.1;94;0;0.1
17/07/2026;04:35;Genlis;17.7;93;0;0.1
17/07/2026;07:04;Genlis;22.1;99;0;0
17/07/2026;09:18;Varanges;22.8;85;0.3;0.4
17/07/2026;09:18;Genlis;24;83;0.1;0.2
17/07/2026;11:02;Varanges;26.3;72;0;0.4
17/07/2026;11:02;Genlis;28.2;65;0;0.2
17/07/2026;12:18;Genlis;34.2;44;0;0.2
17/07/2026;14:10;Varanges;24.8;71;1.31;1.72
17/07/2026;14:10;Genlis;22.2;97;3.43;3.54
17/07/2026;15:52;Genlis;22.9;97;0.61;8.18
17/07/2026;17:19;Varanges;23.3;69;0;3.54
17/07/2026;17:19;Genlis;23.4;69;0;7.47
17/07/2026;18:31;Varanges;22.4;71;0;3.54
17/07/2026;18:31;Genlis;23;69;0;7.47
17/07/2026;19:48;Varanges;21.1;75;0;3.54
17/07/2026;19:48;Genlis;21.3;74;0;7.47
17/07/2026;21:04;Varanges;18.8;81;0;3.54
17/07/2026;21:04;Genlis;19.3;82;0;7.47
17/07/2026;22:03;Varanges;17.4;86;0;0
17/07/2026;22:03;Genlis;18.2;87;0;0
17/07/2026;23:01;Varanges;16.4;90;0;0
17/07/2026;23:01;Genlis;17.4;98;0;0
18/07/2026;00:02;Genlis;16.5;92;0;0
18/07/2026;03:23;Varanges;14.6;93;0;0
18/07/2026;03:23;Genlis;15;93;0;0
18/07/2026;07:19;Varanges;22.6;78;0;0
18/07/2026;07:19;Genlis;20.1;90;0;0
18/07/2026;09:07;Varanges;24.2;69;0;0
18/07/2026;09:07;Genlis;29.7;54;0;0
18/07/2026;10:38;Varanges;27.7;59;0;0
18/07/2026;10:38;Genlis;26.4;96;0;0
18/07/2026;11:37;Varanges;31.1;50;0;0
18/07/2026;11:37;Genlis;27.4;88;0;0
18/07/2026;12:39;Varanges;28.2;58;0.1;0.1
18/07/2026;12:39;Genlis;28;74;0;0
18/07/2026;15:27;Varanges;26.8;70;0;2.73
18/07/2026;15:27;Genlis;27.6;66;0;2.12
18/07/2026;16:37;Varanges;25.3;68;0;2.73
18/07/2026;16:37;Genlis;24.5;72;0.1;2.22
18/07/2026;17:41;Varanges;24.5;71;0;2.73
18/07/2026;17:41;Genlis;21.7;97;0.1;3.84
18/07/2026;18:37;Varanges;25.5;70;0;2.73
18/07/2026;18:37;Genlis;25.6;69;0;2.22
18/07/2026;19:53;Varanges;21.7;81;0;2.73
18/07/2026;19:53;Genlis;22;81;0;0
18/07/2026;21:02;Varanges;19.5;87;0;2.73
18/07/2026;21:02;Genlis;19.5;88;0;0
18/07/2026;23:02;Varanges;17.4;92;0;0
18/07/2026;23:02;Genlis;18;93;0;0
19/07/2026;00:03;Varanges;16.5;92;0;0
19/07/2026;00:03;Genlis;17.1;93;0;0
19/07/2026;03:45;Varanges;15.1;90;0;0
19/07/2026;03:45;Genlis;15.1;92;0;0
19/07/2026;06:17;Varanges;18.2;87;0;0
19/07/2026;06:17;Genlis;16.8;90;0;0
19/07/2026;08:40;Varanges;21.5;76;0;0
19/07/2026;08:40;Genlis;23.5;68;0;0
19/07/2026;10:15;Genlis;27.1;56;0;0
19/07/2026;11:34;Varanges;27;55;0;0
19/07/2026;11:34;Genlis;29.3;46;0;0
19/07/2026;12:37;Varanges;27.6;50;0;0
19/07/2026;12:37;Genlis;24.4;72;0;0
19/07/2026;14:12;Varanges;28.1;46;0;0
19/07/2026;14:12;Genlis;25.3;64;0;0
19/07/2026;15:29;Varanges;28.3;42;0;0
19/07/2026;15:29;Genlis;25.4;58;0;0
19/07/2026;16:36;Varanges;28.8;40;0;0
19/07/2026;16:36;Genlis;25.2;53;0;0
19/07/2026;17:42;Varanges;28.2;37;0;0
19/07/2026;17:42;Genlis;24.8;54;0;0
19/07/2026;18:40;Varanges;25.4;41;0;0
19/07/2026;19:55;Varanges;21;51;0;0
19/07/2026;19:55;Genlis;21.9;46;0;0
19/07/2026;21:03;Varanges;18.1;59;0;0
19/07/2026;21:03;Genlis;19.2;53;0;0
19/07/2026;22:04;Varanges;16.9;64;0;0
19/07/2026;22:04;Genlis;17.8;58;0;0
19/07/2026;23:05;Varanges;15;70;0;0
19/07/2026;23:05;Genlis;16.5;62;0;0
